"SalePrice","LotFrontage","LotArea","Street","LotShape","YearBuilt","BsmtUnfSF","TotalBsmtSF","CentralAir","X1stFlrSF","X2ndFlrSF","GrLivArea","BsmtFullBath","BsmtHalfBath","FullBath","HalfBath","BedroomAbvGr","KitchenAbvGr","TotRmsAbvGrd","Fireplaces","GarageYrBlt","GarageCars","GarageArea","WoodDeckSF"
163990,65,8461,"Pave","Reg",2005,728,728,"Y",728,728,1456,0,0,2,1,3,1,8,1,2005,2,390,0
412500,110,13688,"Pave","IR1",2003,556,1572,"Y",1572,1096,2668,1,0,2,1,3,1,10,2,2003,3,726,400
126000,60,8160,"Pave","Reg",1940,444,756,"N",756,378,1134,1,0,1,1,3,1,7,0,1940,1,240,0
280000,109,14154,"Pave","Reg",2006,1063,1063,"Y",1071,1101,2172,0,0,2,1,3,1,9,1,2006,3,947,192
105000,51,6120,"Pave","Reg",1931,506,715,"Y",875,0,875,1,0,1,0,2,1,5,0,1931,1,180,48
133000,34,4058,"Pave","Reg",1998,0,723,"Y",767,0,767,1,0,1,0,1,1,4,0,1998,1,367,120
142000,65,8450,"Pave","Reg",1968,281,1056,"Y",1056,0,1056,1,0,1,0,3,1,6,1,1968,1,304,0
169000,50,9638,"Pave","Reg",1919,804,804,"Y",1699,748,2447,0,0,2,0,4,1,10,1,1969,1,336,272
187500,73,9590,"Pave","IR1",2003,82,868,"Y",1146,0,1146,1,0,2,0,3,1,6,1,2003,2,438,160
270000,85,14536,"Pave","Reg",2002,316,1616,"Y",1629,0,1629,1,0,2,0,3,1,9,1,2002,3,808,0
257500,110,14442,"Pave","Reg",1957,291,1477,"Y",1839,0,1839,1,0,2,0,3,1,7,2,1957,2,416,0
324000,32,10846,"Pave","IR1",1993,100,1719,"Y",1719,0,1719,2,0,1,1,1,1,6,2,1993,2,473,122
91000,21,1596,"Pave","Reg",1973,0,462,"Y",526,462,988,1,0,1,0,2,1,5,0,1973,1,297,120
140000,80,9600,"Pave","Reg",1950,736,856,"Y",1112,556,1668,0,0,1,1,3,1,6,0,1950,1,271,0
153500,90,8100,"Pave","Reg",1948,1221,1559,"Y",1559,0,1559,1,0,1,0,2,1,5,0,1948,2,812,0
105500,59,7227,"Pave","Reg",1954,832,832,"Y",832,0,832,0,0,1,0,2,1,4,0,1962,2,528,0
266000,63,8849,"Pave","IR1",2005,1656,1684,"Y",1684,0,1684,0,0,2,0,2,1,6,1,2005,2,564,495
176000,63,7875,"Pave","Reg",1995,1237,1237,"Y",1253,0,1253,0,0,2,0,3,1,6,1,1995,2,402,220
110000,60,10440,"Pave","Reg",1910,440,440,"Y",682,548,1230,0,0,1,1,2,1,5,0,1966,2,440,74
177000,124,11512,"Pave","IR1",1959,300,1019,"Y",1357,0,1357,1,0,1,0,2,1,5,1,1959,1,312,0
160000,80,8800,"Pave","Reg",1964,698,1251,"Y",1251,0,1251,1,0,1,0,3,1,6,2,1964,1,461,0
148000,57,8846,"Pave","IR1",1996,572,870,"Y",914,0,914,0,0,1,0,2,1,5,0,1998,2,576,0
79500,50,9100,"Pave","Reg",1930,742,742,"Y",779,0,935,0,0,1,0,2,1,4,0,1988,1,308,0
131000,60,6000,"Pave","Reg",1941,360,735,"Y",869,349,1218,0,1,1,0,3,1,6,1,2003,2,440,0
158000,63,13072,"Pave","Reg",2004,217,1158,"Y",1158,0,1158,1,0,1,1,3,1,5,0,2006,2,576,0
111000,75,10215,"Pave","Reg",1954,372,864,"Y",948,0,948,0,0,1,0,3,1,5,0,1954,1,248,0
126175,49,5820,"Pave","Reg",1955,906,1162,"Y",1163,0,1163,1,0,1,0,3,1,6,0,1955,1,220,142
107500,60,6600,"Pave","Reg",1892,994,994,"N",1378,994,2372,0,0,2,0,4,2,11,0,1985,1,432,0
207500,47,16321,"Pave","IR1",1957,207,1484,"Y",1600,0,1600,1,0,1,0,2,1,6,2,1957,1,319,288
210000,85,13175,"Pave","Reg",1978,589,1542,"Y",2073,0,2073,1,0,2,0,3,1,7,2,1978,2,500,349
268000,95,15865,"Pave","IR1",1970,1043,2217,"Y",2217,0,2217,1,0,2,0,4,1,8,1,1970,2,621,81
341000,96,10542,"Pave","Reg",1993,138,1311,"Y",1325,1093,2418,1,0,2,1,3,1,9,1,1993,3,983,250
186500,93,10261,"Pave","IR1",2000,936,936,"Y",962,830,1792,1,0,2,1,3,1,8,1,2000,2,451,0
193000,68,9179,"Pave","IR1",1999,240,873,"Y",882,908,1790,1,0,2,1,3,1,7,0,1999,2,588,0
260000,90,9900,"Pave","Reg",1993,360,1347,"Y",1372,1274,2646,1,0,2,1,4,1,9,1,1993,3,656,340
252000,85,10574,"Pave","Reg",2005,1082,1082,"Y",1082,871,1953,0,0,2,1,3,1,9,1,2005,3,1043,160
179000,65,8450,"Pave","Reg",2000,1349,1349,"Y",1349,0,1349,0,0,2,0,3,1,6,0,2000,2,539,120
183500,62,8244,"Pave","IR1",2004,840,840,"Y",840,880,1720,0,0,2,1,3,1,7,1,2004,2,440,100
153500,32,4500,"Pave","Reg",1998,36,1237,"Y",1337,0,1337,1,0,2,0,2,1,5,0,1998,2,405,0
185000,65,8450,"Pave","Reg",2003,638,1337,"Y",1337,0,1337,1,0,2,0,3,1,6,0,2003,2,531,0
202500,48,6955,"Pave","IR1",2005,1368,1368,"Y",1368,0,1368,0,0,2,0,2,1,6,1,2005,2,474,132
285000,85,10678,"Pave","Reg",1992,983,1683,"Y",2129,743,2872,0,0,2,1,4,1,9,1,1992,2,541,0
152000,80,10793,"Pave","Reg",1969,0,780,"Y",780,840,1620,0,0,2,1,4,1,7,0,1969,2,462,208
236000,80,9938,"Pave","Reg",1993,300,1050,"Y",1062,887,1949,1,0,2,1,3,1,8,1,1993,2,574,156
140000,80,9600,"Pave","Reg",1969,1164,1164,"Y",1164,0,1164,0,0,1,1,3,1,6,0,1969,2,528,0
274000,62,12677,"Pave","IR1",2003,300,1518,"Y",1518,0,1518,0,0,1,1,1,1,6,1,2003,2,588,185
348000,82,9452,"Pave","Reg",1997,322,1396,"Y",1407,985,2392,1,0,2,1,3,1,7,1,1997,3,870,0
276000,69,9588,"Pave","IR1",2007,1482,1482,"Y",1482,1092,2574,0,0,2,1,3,1,10,1,2007,3,868,0
118858,64,7018,"Pave","Reg",1979,0,0,"Y",1535,0,1535,0,0,2,0,4,2,8,0,1979,2,400,0
169990,65,10237,"Pave","Reg",2005,1288,1316,"Y",1316,0,1316,0,0,2,0,3,1,6,1,2005,2,397,100
153900,55,7892,"Pave","Reg",1993,899,1199,"Y",1199,0,1199,0,0,2,0,2,1,5,0,1993,2,530,0
151000,30,3182,"Pave","Reg",2004,600,600,"Y",600,600,1200,0,0,2,1,2,1,4,0,2004,2,480,0
214000,86,14598,"Pave","IR1",2007,894,894,"Y",894,1039,1933,0,0,2,1,4,1,9,1,2007,3,668,100
279500,91,10652,"Pave","IR1",2006,1494,1494,"Y",1494,0,1494,0,0,2,0,3,1,7,1,2006,3,840,160
170000,60,10800,"Pave","Reg",1936,170,796,"Y",1096,370,1466,0,1,2,0,3,1,7,1,1950,2,566,436
120000,60,7332,"Pave","Reg",1959,450,864,"Y",864,0,864,1,0,1,0,2,1,4,0,1959,1,288,168
129000,109,8724,"Pave","Reg",1968,402,894,"Y",894,0,894,0,0,1,0,3,1,5,1,1968,2,450,0
135500,75,9750,"Pave","Reg",1967,100,980,"Y",980,0,980,0,0,2,0,3,1,6,0,1967,1,384,68
320000,90,12376,"Pave","Reg",1990,203,1673,"Y",1699,1523,3222,1,0,3,0,5,1,11,2,1990,3,594,367
118000,75,9000,"Pave","Reg",1954,124,936,"Y",1128,0,1128,0,0,1,0,2,1,5,0,1954,1,286,0
114500,70,10150,"Pave","Reg",1958,456,912,"Y",912,0,912,0,0,1,0,2,1,5,0,1958,1,275,0
115000,50,6000,"Pave","Reg",1948,516,789,"Y",789,0,789,0,0,1,0,2,1,5,0,1948,1,250,0
190000,59,9587,"Pave","IR1",2005,201,856,"Y",1166,0,1166,1,0,2,0,2,1,5,0,2005,2,400,212
215000,71,12209,"Pave","IR1",2001,114,804,"Y",804,1157,1961,1,0,2,1,3,1,7,1,2001,2,560,125
191000,70,8750,"Pave","Reg",1996,880,880,"Y",909,807,1716,0,0,2,1,2,1,7,1,1996,2,512,0
100000,50,6060,"Pave","Reg",1939,732,732,"Y",772,351,1123,0,0,1,0,3,1,4,0,1979,1,264,0
80000,60,12180,"Pave","Reg",1941,324,672,"N",672,252,924,1,0,1,0,2,1,5,0,1941,1,280,0
208300,75,7862,"Pave","IR1",2009,1191,1218,"Y",1218,0,1218,0,0,2,0,2,1,4,0,2009,2,676,0
152000,40,5400,"Pave","Reg",1926,779,1149,"Y",1149,467,1616,0,0,2,0,3,1,5,0,1926,1,216,0
205950,65,8125,"Pave","Reg",2007,813,813,"Y",822,843,1665,0,0,2,1,3,1,7,0,2007,2,562,0
192500,43,3182,"Pave","Reg",2005,1357,1373,"Y",1555,0,1555,0,0,2,0,2,1,7,1,2005,2,430,143
137500,80,8800,"Pave","Reg",1963,173,936,"Y",1054,0,1054,1,0,1,0,3,1,6,0,1963,2,480,120
141000,50,9000,"Pave","Reg",1937,780,780,"Y",780,595,1375,0,0,1,1,3,1,6,1,1979,1,544,0
91300,50,5784,"Pave","Reg",1938,190,190,"Y",886,0,886,0,0,1,0,2,1,4,0,1938,1,273,144
290000,65,12257,"Pave","IR1",1995,1198,1318,"Y",1328,1203,2531,0,0,2,1,4,1,9,1,1995,3,752,222
254000,48,6240,"Pave","Reg",2006,461,1324,"Y",1324,0,1324,1,0,2,0,2,1,6,1,2006,2,550,192
195000,41,12393,"Pave","IR2",2004,847,847,"Y",847,1101,1948,0,0,2,1,4,1,8,1,2004,2,434,100
120000,50,6000,"Pave","Reg",1929,862,862,"Y",950,208,1158,0,0,1,0,3,1,5,1,1929,1,208,0
159500,75,7950,"Pave","IR1",1977,155,690,"Y",698,728,1426,0,0,1,1,3,1,6,0,1977,2,440,252
187750,60,7200,"Pave","Reg",2006,1293,1293,"Y",1301,0,1301,1,0,2,0,2,1,5,1,2006,2,572,216
137500,80,11600,"Pave","Reg",1922,700,700,"Y",1180,0,1180,0,0,1,0,2,1,5,1,1922,1,252,0
194500,64,7314,"Pave","Reg",2007,508,1232,"Y",1232,0,1232,1,0,2,0,2,1,6,0,2007,2,632,132
152000,75,13710,"Pave","Reg",1950,490,910,"Y",910,648,1558,0,0,1,1,4,1,6,0,1950,1,282,289
109008,77,8593,"Pave","IR1",1957,619,907,"Y",907,0,907,0,0,1,0,3,1,5,0,1964,1,352,0
175000,60,7200,"Pave","Reg",1937,162,731,"Y",981,787,1768,1,0,1,1,3,1,7,2,1939,1,240,0
174000,53,3684,"Pave","Reg",2007,1373,1373,"Y",1555,0,1555,0,0,2,0,2,1,7,1,2007,3,660,143
165000,78,10140,"Pave","Reg",1974,1064,1064,"Y",1350,0,1350,0,0,2,0,3,1,7,1,1974,2,478,0
201000,129,9196,"Pave","IR1",2003,1560,1560,"Y",1560,0,1560,0,0,2,0,3,1,7,0,2003,2,573,100
130000,92,6930,"Pave","IR1",1958,468,1062,"Y",1352,0,1352,0,1,1,0,3,1,6,0,1958,1,288,168
164500,96,11777,"Pave","IR1",1966,285,1164,"Y",1320,0,1320,1,0,1,0,3,1,6,2,1966,2,564,160
102000,67,8877,"Pave","Reg",1951,0,836,"Y",1220,0,1220,0,0,1,0,2,1,6,0,1951,2,396,0
176000,60,7024,"Pave","Reg",2005,108,1132,"Y",1132,0,1132,1,0,1,1,2,1,5,0,2005,2,451,252
147000,80,9600,"Pave","Reg",1950,506,1113,"Y",1113,0,1113,0,0,1,0,3,1,5,1,1950,1,264,0
239000,66,7399,"Pave","IR1",1997,326,975,"Y",975,975,1950,0,0,2,1,3,1,7,1,1997,2,576,0
328900,50,5119,"Pave","IR1",1999,460,1698,"Y",1709,0,1709,1,0,2,0,2,1,5,1,1999,2,506,97
110000,68,9450,"Pave","Reg",1954,342,894,"Y",894,0,894,0,0,1,0,3,1,5,0,1999,2,400,0
233230,120,15611,"Pave","Reg",2006,1079,1079,"Y",1079,840,1919,0,0,2,1,3,1,8,1,2006,2,685,0
151000,30,3180,"Pave","Reg",2005,600,600,"Y",520,600,1200,0,0,2,1,2,1,4,0,2005,2,480,0
184750,130,40094,"Pave","IR1",2007,878,3138,"Y",3138,1538,4676,1,0,3,1,3,1,11,1,2007,3,884,208
193000,62,7415,"Pave","IR1",2004,80,839,"Y",864,729,1593,1,0,2,1,3,1,8,1,2004,2,398,100
155000,80,8700,"Pave","Reg",1963,344,1120,"Y",1128,0,1128,1,0,2,0,3,1,6,0,1963,2,525,192
117000,90,5400,"Pave","Reg",1954,418,833,"Y",833,0,833,0,0,1,0,2,1,4,0,1955,1,326,0
168000,121,17671,"Pave","Reg",1882,700,916,"Y",916,826,1742,0,0,1,1,4,1,8,1,1925,2,424,0
235000,174,25419,"Pave","Reg",1918,140,1360,"Y",1360,1360,3112,1,1,2,0,4,1,8,1,1918,2,795,0
144000,78,11344,"Pave","Reg",1958,414,874,"Y",874,650,1524,0,0,1,1,3,1,7,0,1958,1,315,0
115000,100,21750,"Pave","Reg",1960,0,0,"Y",1771,0,1771,0,0,1,0,3,1,9,1,1960,2,336,0
271900,90,14684,"Pave","IR1",1990,1496,2158,"Y",2196,0,2196,0,0,2,0,3,1,7,1,1990,3,701,84
213500,79,9245,"Pave","IR1",2006,939,939,"Y",939,858,1797,0,0,2,1,3,1,8,0,2006,2,639,144
189000,65,8529,"Pave","IR1",2001,1434,1454,"Y",1434,0,1434,0,0,2,0,3,1,6,1,2001,2,527,290
139000,60,7350,"Pave","Reg",1951,100,952,"Y",952,0,952,1,0,1,0,2,1,4,0,1988,2,840,0
319000,69,11302,"Pave","IR1",2005,392,1814,"Y",1826,0,1826,1,0,2,0,3,1,7,1,2005,3,758,180
145250,80,11600,"Pave","Reg",1960,818,1383,"Y",1383,0,1383,0,0,1,1,3,1,7,0,1960,1,292,0
198900,94,10402,"Pave","IR1",2009,1226,1226,"Y",1226,0,1226,0,0,2,0,3,1,6,0,2009,3,740,0
35311,50,9000,"Pave","Reg",1949,430,480,"N",480,0,480,1,0,0,0,1,1,4,0,1958,1,308,0
171000,76,9880,"Pave","Reg",1977,574,1096,"Y",1118,0,1118,1,0,1,0,3,1,6,1,1977,1,358,203
339750,85,10800,"Pave","Reg",2007,245,1034,"Y",1050,1028,2078,1,0,2,1,3,1,8,1,2008,3,836,0
79900,52,5825,"Pave","IR1",1926,600,600,"Y",747,0,747,0,0,1,0,1,1,5,0,1953,2,528,0
198500,64,7301,"Pave","Reg",2003,0,0,"Y",495,1427,1922,0,0,3,0,4,1,7,1,2003,2,672,0
211000,97,10029,"Pave","IR1",1988,320,1151,"Y",1164,896,2060,0,1,2,1,4,1,8,1,1988,2,521,0
278000,40,5664,"Pave","IR1",2000,343,1501,"Y",1659,0,1659,1,0,2,0,2,1,5,1,2000,2,499,212
255000,90,11367,"Pave","Reg",2002,133,1065,"Y",1091,898,1989,1,0,2,1,3,1,7,1,2002,2,586,199
336000,98,12203,"Pave","IR1",1998,371,1225,"Y",1276,1336,2612,1,0,2,1,4,1,8,1,1998,3,676,250
112000,21,1680,"Pave","Reg",1971,630,630,"Y",630,672,1302,0,0,2,1,3,1,6,0,1991,1,280,0
142500,37,7937,"Pave","IR1",1984,184,1003,"Y",1003,0,1003,1,0,1,0,3,1,6,0,1984,2,588,120
286000,41,4923,"Pave","Reg",2001,440,1593,"Y",1593,0,1593,1,0,1,1,0,1,5,1,2001,2,682,0
465000,107,13891,"Pave","Reg",2006,690,2076,"Y",2076,0,2076,1,0,2,1,2,1,7,1,2006,3,850,216
186000,83,10420,"Pave","Reg",2009,1176,1212,"Y",1212,0,1212,0,0,2,0,3,1,6,0,2009,2,460,100
160200,43,3182,"Pave","Reg",2005,1129,1145,"Y",1145,0,1145,0,0,2,0,2,1,5,1,2005,2,397,100
120000,70,7535,"Pave","IR1",1958,522,912,"Y",912,0,912,0,1,1,0,2,1,5,0,1958,1,297,12
145000,57,9245,"Pave","IR2",1994,304,990,"Y",990,0,990,0,1,1,0,3,1,5,0,1996,2,672,0
106000,90,8100,"Pave","Reg",1898,849,849,"N",1075,1063,2138,0,0,2,0,2,3,11,0,1910,2,360,40
215000,141,31770,"Pave","IR1",1960,441,1080,"Y",1656,0,1656,1,0,1,0,3,1,7,2,1960,2,528,210
176500,87,11029,"Pave","IR1",1958,245,1184,"Y",1414,0,1414,1,0,1,0,3,1,6,1,1990,2,601,0
157000,90,15750,"Pave","Reg",1953,324,1165,"Y",1336,0,1336,1,0,1,0,2,1,5,2,1953,1,375,0
129000,85,6970,"Pave","Reg",1961,108,1040,"Y",1120,0,1120,1,0,1,1,3,1,5,0,1961,2,544,168
124500,80,9600,"Pave","Reg",1959,50,1041,"Y",1041,0,1041,1,0,1,0,3,1,6,0,1959,1,270,224
127000,41,2665,"Pave","Reg",1977,36,757,"Y",925,550,1475,0,0,2,0,4,1,6,1,1977,1,336,104
136000,75,9464,"Pave","Reg",1958,510,1080,"Y",1080,0,1080,0,0,1,0,3,1,5,0,1958,1,288,0
187000,80,9760,"Pave","Reg",1964,169,822,"Y",1020,831,1851,0,0,2,1,3,1,7,1,1964,2,440,239
156000,79,10289,"Pave","Reg",1965,237,1073,"Y",1073,0,1073,1,0,1,1,3,1,6,0,1965,2,515,0
253000,75,9675,"Pave","Reg",2005,772,1113,"Y",1113,858,1971,0,0,2,1,3,1,8,1,2005,2,689,0
135000,60,9600,"Pave","Reg",1949,625,845,"Y",893,0,893,0,1,1,0,2,1,4,0,1985,2,576,0
148000,73,8760,"Pave","Reg",1959,1194,1194,"Y",1194,0,1194,1,0,1,0,3,1,6,0,1959,1,312,0
165000,100,9500,"Pave","Reg",1964,374,816,"Y",1127,850,1977,0,1,1,1,4,1,9,1,1964,2,540,0
197000,37,3316,"Pave","IR1",2005,208,1247,"Y",1247,0,1247,1,0,1,1,1,1,4,1,2005,2,550,0
210000,70,8737,"Pave","IR1",1923,765,1065,"Y",915,720,1635,0,0,1,1,3,1,6,1,1950,2,440,0
119000,60,7200,"Pave","Reg",1940,278,788,"Y",804,0,804,1,0,1,0,2,1,4,2,1940,1,240,0
225000,78,7800,"Pave","Reg",1948,293,896,"Y",1112,896,2008,1,0,3,0,3,1,8,0,1948,1,230,103
133700,70,7560,"Pave","Reg",1959,671,1040,"Y",1040,0,1040,0,0,1,0,3,1,6,0,1959,1,286,140
189950,55,7642,"Pave","Reg",1918,912,912,"Y",912,514,1426,0,0,1,1,3,1,7,1,1925,1,216,0
197900,80,10400,"Pave","Reg",1998,866,866,"Y",866,913,1779,0,0,2,1,3,1,6,0,1998,2,546,198
238000,103,13125,"Pave","IR1",1991,422,1104,"Y",912,1215,2127,1,0,2,1,4,1,8,1,1991,3,833,72
179500,60,8400,"Pave","Reg",1939,342,720,"Y",1052,720,2192,0,0,2,1,4,1,8,1,1939,1,240,262
155000,74,8536,"Pave","Reg",2006,1125,1125,"Y",1125,0,1125,0,0,1,1,2,1,5,0,2007,2,430,80
134000,71,9187,"Pave","Reg",1983,748,1084,"Y",1080,0,1080,0,0,1,1,3,1,5,0,1983,2,484,120
124500,76,8314,"Pave","Reg",1982,270,816,"Y",816,0,816,0,0,1,0,2,1,5,0,1982,1,264,168
117000,60,10998,"Pave","Reg",1941,156,984,"Y",984,620,1604,0,0,2,0,3,1,6,0,1977,2,660,0
256300,110,14230,"Pave","Reg",2007,1566,1566,"Y",1600,0,1600,0,0,2,0,3,1,7,1,2007,3,890,0
149500,74,7844,"Pave","Reg",1978,463,672,"Y",672,728,1400,0,0,1,1,3,1,6,1,1978,2,440,0
179900,85,11475,"Pave","Reg",1975,163,713,"Y",811,741,1552,1,0,2,1,3,1,6,1,1975,2,434,209
395000,110,14226,"Pave","Reg",2006,1935,1935,"Y",1973,0,1973,0,0,2,0,3,1,9,1,2006,3,895,315
176500,63,9084,"Pave","IR1",1998,935,935,"Y",955,677,1632,0,0,2,1,3,1,8,1,1998,2,462,0
269790,92,9920,"Pave","IR1",1996,255,1117,"Y",1127,886,2013,1,0,2,1,3,1,8,1,1997,2,455,180
204750,69,9337,"Pave","IR1",1997,176,824,"Y",905,881,1786,1,0,2,1,3,1,7,0,1997,2,684,0
127000,70,7910,"Pave","Reg",1960,409,1075,"Y",1507,0,1507,0,0,2,0,4,1,7,0,1960,1,404,0
250000,85,10625,"Pave","Reg",2005,1026,1026,"Y",1026,932,1958,0,0,2,1,3,1,9,1,2005,3,936,154
216837,70,9100,"Pave","Reg",2004,1836,1860,"Y",1836,0,1836,0,0,2,0,3,1,8,1,2004,2,484,120
174000,122,11911,"Pave","IR2",2005,684,684,"Y",684,876,1560,0,0,2,1,3,1,6,1,2005,2,400,100
118964,64,7018,"Pave","Reg",1979,0,0,"Y",1535,0,1535,0,0,2,0,4,2,8,0,1979,2,410,0
130000,62,9858,"Pave","Reg",1968,354,864,"Y",874,0,874,1,0,1,0,3,1,5,0,1968,1,288,33
262500,75,9000,"Pave","Reg",2008,488,1566,"Y",1566,0,1566,1,0,2,0,3,1,7,0,2008,2,750,144
167000,80,9600,"Pave","Reg",1953,131,1416,"Y",1644,0,1644,1,0,1,0,3,1,7,2,1953,2,418,110
169500,69,7590,"Pave","Reg",1962,324,864,"Y",876,936,1812,0,0,2,0,4,1,8,1,1962,1,264,0
235000,120,13728,"Pave","Reg",1935,501,1127,"Y",1236,872,2108,0,0,2,0,4,1,7,2,1935,2,540,0
755000,104,21535,"Pave","IR1",1994,989,2444,"Y",2444,1872,4316,0,1,3,1,4,1,10,2,1994,3,832,382
337500,96,12456,"Pave","Reg",2006,528,1700,"Y",1718,0,1718,1,0,2,0,3,1,7,1,2008,3,786,216
96500,55,10594,"Pave","Reg",1926,768,768,"N",789,0,789,0,0,1,0,2,1,5,0,1926,1,200,0
112500,70,7700,"Pave","Reg",1972,276,882,"Y",882,0,882,1,0,1,0,3,1,5,0,1980,2,461,96
415298,107,14450,"Pave","Reg",2006,2121,2121,"Y",2121,0,2121,0,0,2,1,3,1,8,1,2007,3,732,124
85000,60,7200,"Pave","Reg",1910,310,1022,"N",1022,0,1022,1,0,1,0,2,1,4,0,1956,1,280,0
131400,80,10000,"Pave","Reg",1961,270,864,"Y",1144,0,1144,1,0,1,0,3,1,6,1,1961,1,264,165
143000,70,8163,"Pave","Reg",1959,102,1144,"Y",1144,0,1144,1,0,1,0,3,1,6,1,1959,1,796,86
239000,122,11923,"Pave","IR1",2007,1800,1800,"Y",1800,0,1800,0,0,2,0,2,1,7,0,2007,2,702,288
132500,70,7931,"Pave","Reg",1959,0,1148,"Y",1148,0,1148,1,0,1,0,3,1,6,0,1959,1,672,0
326000,98,16033,"Pave","IR1",2004,572,1833,"Y",1850,0,1850,1,0,2,0,3,1,8,1,2004,3,772,519
207500,34,5063,"Pave","Reg",2007,410,1314,"Y",1314,0,1314,1,0,2,0,2,1,6,1,2008,2,626,172
278000,80,9600,"Pave","Reg",1981,1420,2524,"Y",2524,0,2524,1,0,2,1,4,1,9,1,1981,2,542,474
230000,34,5001,"Pave","IR1",2007,410,1314,"Y",1314,0,1314,1,0,2,0,2,1,6,1,2008,2,626,172
154500,70,8414,"Pave","Reg",1963,396,1059,"Y",1068,0,1068,0,1,1,0,3,1,6,0,1963,1,264,192
174000,149,12589,"Pave","IR2",2005,742,742,"Y",742,742,1484,0,0,2,1,3,1,8,1,2005,2,390,36
88000,21,1680,"Pave","Reg",1971,525,525,"Y",525,567,1092,0,0,1,1,3,1,6,0,1971,1,264,0
263435,75,8004,"Pave","IR1",2009,288,832,"Y",832,1103,1935,1,0,2,1,3,1,8,0,2009,2,552,0
137500,90,10012,"Pave","Reg",1972,38,1138,"Y",1181,0,1181,1,0,2,0,3,1,6,0,1974,2,588,0
55993,66,8712,"Grvl","Reg",1952,540,540,"N",1044,0,1044,0,0,1,0,2,1,4,0,1952,2,504,0
173500,64,8633,"Pave","Reg",2005,545,738,"Y",738,738,1476,1,0,2,1,3,1,7,0,2005,2,540,100
145000,82,7136,"Pave","IR1",1946,495,979,"N",979,979,1958,0,0,2,0,4,2,8,0,1946,2,492,0
189000,63,8199,"Pave","Reg",2005,80,728,"Y",728,728,1456,1,0,2,1,3,1,7,1,2005,2,410,36
118400,59,8263,"Pave","Reg",1920,1012,1012,"Y",1012,0,1012,0,0,1,0,2,1,6,1,1920,1,308,0
186500,65,8125,"Pave","Reg",2005,756,756,"Y",756,797,1553,0,0,2,1,3,1,6,0,2005,2,615,0
118000,50,7420,"Pave","Reg",1939,140,991,"Y",1077,0,1077,1,0,1,0,2,2,5,2,1939,1,205,0
91000,60,9786,"Pave","Reg",1922,1007,1007,"N",1077,0,1077,0,0,1,0,3,1,6,1,1922,1,210,0
160000,75,12508,"Pave","IR1",1940,323,983,"Y",983,767,1750,1,0,2,0,4,1,7,0,1989,1,423,245
100000,60,10800,"Pave","Reg",1885,641,641,"Y",1047,0,1047,0,0,1,0,2,1,6,0,1954,1,273,0
190000,107,10186,"Pave","IR1",1992,76,750,"Y",1061,862,1923,1,0,2,1,3,1,8,1,1992,2,564,240
125500,60,7200,"Pave","Reg",1938,803,803,"Y",803,557,1360,0,0,1,1,2,1,6,0,1951,1,297,0
179900,85,11049,"Pave","Reg",2007,1234,1234,"Y",1234,0,1234,0,0,2,0,3,1,7,0,2007,2,484,0
320000,86,13286,"Pave","IR1",2007,464,1698,"Y",1698,0,1698,1,0,2,0,3,1,8,1,2007,3,768,327
119500,37,6951,"Pave","IR1",1984,218,876,"Y",923,0,923,1,0,1,0,3,1,5,0,1984,1,264,362
159000,50,5000,"Pave","Reg",1947,605,1004,"Y",1004,660,1664,0,0,2,0,3,1,7,2,1950,2,420,0
319900,61,7658,"Pave","Reg",2005,1296,1752,"Y",1752,0,1752,1,0,2,0,2,1,6,1,2005,2,576,196
301000,86,10380,"Pave","IR1",1986,0,1502,"Y",1553,1177,2730,1,0,2,1,4,1,8,1,1987,2,576,201
403000,174,15138,"Pave","IR1",1995,773,1462,"Y",1490,1304,2794,1,0,2,1,4,1,9,1,1995,3,810,0
170000,77,10010,"Pave","Reg",1974,195,1389,"Y",1389,0,1389,1,0,1,0,2,1,6,1,1975,2,418,240
280000,107,11362,"Pave","IR1",2004,797,1836,"Y",1836,0,1836,1,0,2,0,3,1,7,1,2004,3,862,125
228500,82,11287,"Pave","Reg",1989,386,807,"Y",1175,807,1982,0,0,2,1,3,1,7,1,1989,2,575,0
174000,24,2645,"Pave","Reg",1999,776,776,"Y",764,677,1441,0,0,2,1,2,1,5,0,1999,2,492,206
178000,59,7837,"Pave","IR1",1993,799,799,"Y",799,772,1571,0,0,2,1,3,1,7,1,1993,2,380,0
143000,50,9000,"Pave","Reg",1920,26,650,"Y",832,650,1482,0,1,1,0,3,1,7,0,1930,2,324,0
155000,60,7200,"Pave","Reg",1936,0,560,"Y",575,560,1135,1,0,1,0,3,1,6,0,1971,2,576,256
130000,60,7134,"Pave","Reg",1955,0,384,"Y",1360,0,1360,0,0,1,0,3,1,6,1,1962,2,572,0
112500,50,6000,"Pave","Reg",1957,620,928,"Y",928,0,928,0,0,1,0,3,1,5,0,1957,1,288,0
195400,64,6762,"Pave","Reg",2007,544,1208,"Y",1208,0,1208,1,0,2,0,2,1,6,0,2007,2,628,105
370878,85,9187,"Pave","Reg",2009,645,1766,"Y",1766,0,1766,1,0,2,1,2,1,7,1,2009,3,478,195
135000,65,6993,"Pave","Reg",1961,447,912,"Y",1236,0,1236,0,0,1,0,3,1,6,1,1961,1,288,0
165000,101,9150,"Pave","IR1",1962,728,1099,"Y",1431,0,1431,0,1,1,0,3,1,6,1,1962,1,296,64
132000,51,6120,"Pave","Reg",1929,832,832,"Y",854,0,854,0,0,1,0,2,1,5,0,1991,2,576,48
189000,60,7500,"Pave","Reg",1999,994,994,"Y",1028,776,1804,0,0,2,1,3,1,7,1,1999,2,442,140
129900,73,7100,"Pave","IR1",1957,108,816,"Y",816,0,816,1,0,1,0,2,1,5,0,1957,1,308,0
149000,60,7200,"Pave","Reg",1931,776,776,"Y",851,651,1502,0,0,1,1,3,1,6,1,1931,1,270,0
123000,79,10634,"Pave","Reg",1953,0,608,"Y",1319,0,1319,1,0,1,0,3,1,5,0,1953,1,270,66
135000,60,8172,"Pave","Reg",1954,941,941,"Y",997,473,1470,0,0,2,0,4,1,7,0,1958,1,548,0
451950,97,13478,"Pave","IR1",2008,384,1722,"Y",1728,568,2296,1,0,2,1,3,1,10,1,2008,3,842,382
154000,78,11700,"Pave","Reg",1968,429,727,"Y",829,727,1556,0,0,1,1,4,1,8,0,1968,2,441,0
91000,52,6292,"Pave","Reg",1930,384,768,"N",790,0,790,0,0,1,0,2,1,4,0,1925,1,160,0
194000,74,8556,"Pave","Reg",2006,1240,1240,"Y",1240,0,1240,0,0,2,0,2,1,5,0,2006,3,826,140
60000,68,9571,"Pave","Reg",1958,1276,1276,"Y",1276,0,1276,0,0,1,0,3,1,5,0,1958,1,350,0
109500,60,6600,"Pave","Reg",1962,894,894,"N",894,0,894,0,0,1,0,2,1,5,0,1962,1,308,0
143000,50,8012,"Pave","Reg",1980,261,923,"Y",923,0,923,0,0,2,0,2,1,5,1,1980,1,264,80
237000,44,9548,"Pave","IR1",2003,458,941,"Y",941,888,1829,1,0,2,1,3,1,7,1,2003,2,613,192
281213,88,12665,"Pave","IR1",2005,1094,1094,"Y",1133,1349,2482,0,0,2,1,4,1,9,1,2005,3,642,144
105000,90,5400,"Pave","Reg",1920,420,840,"Y",840,534,1374,0,0,1,0,2,1,6,0,1967,1,338,0
307000,75,10084,"Pave","Reg",2004,317,1686,"Y",1694,0,1694,1,0,2,0,3,1,7,1,2004,2,636,255
213490,43,3013,"Pave","Reg",2005,1346,1362,"Y",1506,0,1506,0,0,2,0,2,1,6,1,2005,2,440,142
180000,104,11361,"Pave","Reg",1976,549,1193,"Y",1523,0,1523,0,1,2,0,3,1,7,1,1976,2,478,0
335000,100,17500,"Pave","Reg",1959,496,1902,"Y",1902,0,1902,1,0,2,0,3,1,7,2,1959,2,567,0
181000,48,17043,"Pave","IR1",1979,1362,1362,"Y",1586,0,1586,0,0,2,0,3,1,7,1,1979,2,435,192
277500,60,7313,"Pave","Reg",2005,408,1561,"Y",1561,0,1561,1,0,2,0,2,1,6,1,2005,2,556,203
187000,76,9291,"Pave","IR1",1993,406,832,"Y",832,878,1710,0,0,2,1,3,1,7,0,1993,2,506,144
380000,105,13693,"Pave","Reg",2006,2153,2153,"Y",2069,574,2643,0,0,2,1,3,1,9,1,2006,3,694,414
165000,55,10592,"Pave","Reg",1923,602,602,"Y",900,602,1502,0,0,1,1,3,1,7,2,1923,1,180,96
260400,59,10593,"Pave","IR1",1996,801,1720,"Y",1720,0,1720,1,0,2,0,3,1,7,1,1996,2,527,240
132500,80,8480,"Pave","Reg",1963,340,970,"Y",970,0,970,1,0,1,0,2,1,5,0,1996,2,624,0
168500,82,9020,"Pave","Reg",1964,288,1248,"Y",1350,0,1350,1,0,1,1,3,1,6,0,1964,2,520,176
110500,50,6000,"Pave","Reg",1925,706,1103,"Y",1103,0,1103,0,0,1,0,2,1,5,1,1976,2,440,166
213000,75,9750,"Pave","Reg",2000,1630,1630,"Y",1630,0,1630,0,0,2,0,3,1,6,1,2000,2,451,74
188000,57,8924,"Pave","IR1",1998,880,880,"Y",880,844,1724,0,0,2,1,3,1,8,0,1998,2,527,120
137000,74,8740,"Pave","IR1",1982,168,840,"Y",860,0,860,1,0,1,0,2,1,4,0,1996,2,528,0
180000,63,7875,"Pave","Reg",2003,783,783,"Y",807,702,1509,0,0,2,1,3,1,8,1,2003,2,393,0
147400,24,2544,"Pave","Reg",2005,600,600,"Y",520,623,1223,0,0,2,1,2,1,4,0,2005,2,480,0
185000,60,7200,"Pave","Reg",2006,357,1262,"Y",1262,0,1262,0,0,2,0,2,1,5,0,2006,2,572,0
181500,80,9600,"Pave","Reg",1976,284,1262,"Y",1262,0,1262,0,1,2,0,3,1,6,1,1976,2,460,298
135000,87,9246,"Pave","IR1",1973,1656,1656,"Y",1656,0,1656,0,0,2,0,4,2,8,0,1973,2,506,0
155835,85,11103,"Pave","IR1",2006,728,728,"Y",728,728,1456,0,0,2,1,3,1,8,1,2006,2,440,0
180000,50,8049,"Pave","IR1",1990,256,1309,"Y",1339,0,1339,1,0,2,0,2,1,6,1,1990,2,484,0
128500,69,9920,"Pave","IR1",1969,448,971,"Y",971,0,971,0,0,1,1,3,1,5,1,1969,1,300,0
173900,68,8846,"Pave","Reg",2005,750,750,"Y",750,750,1500,0,0,2,1,3,1,6,0,2005,2,564,0
230000,75,9742,"Pave","Reg",2002,1777,1777,"Y",1795,0,1795,0,0,2,0,3,1,7,1,2002,2,534,171
214000,70,10171,"Pave","IR1",2004,1515,1517,"Y",1535,0,1535,0,0,2,0,3,1,7,0,2004,2,532,0
140000,60,10930,"Pave","Reg",1945,333,913,"Y",1048,510,1558,1,0,1,1,3,1,6,1,1962,1,288,0
104900,60,9738,"Pave","Reg",1924,392,784,"Y",949,272,1221,1,0,1,0,4,1,7,0,1965,1,392,0
155900,37,4435,"Pave","Reg",2004,186,848,"Y",848,0,848,1,0,1,0,1,1,3,1,2004,2,420,140
148500,24,2289,"Pave","Reg",1978,544,855,"Y",855,586,1441,0,0,2,1,3,1,7,1,1978,2,440,28
139000,80,8816,"Pave","Reg",1963,470,1121,"Y",1121,0,1121,1,0,1,0,3,1,5,0,1963,2,480,0
190000,92,11952,"Pave","Reg",1977,808,808,"Y",1161,808,1969,0,0,2,1,3,1,8,1,1977,2,534,0
91500,50,7585,"Pave","Reg",1948,810,810,"Y",1002,454,1456,1,1,1,0,4,1,7,1,1954,1,280,0
133000,79,9490,"Pave","Reg",1941,238,806,"Y",958,620,1578,1,0,1,0,3,1,5,2,1941,1,240,0
315000,70,10570,"Pave","Reg",1932,556,853,"Y",1549,1178,2727,0,0,2,1,3,1,10,2,1932,2,440,0
130000,32,3363,"Pave","Reg",2004,976,976,"Y",976,732,1708,0,0,2,0,3,1,7,0,2004,2,380,0
127000,50,5000,"Pave","Reg",1924,808,1026,"Y",1026,665,1691,0,0,2,0,3,1,6,1,1924,1,308,0
120500,71,6900,"Pave","Reg",1940,212,740,"Y",778,0,778,0,0,1,0,2,1,4,1,1966,1,924,0
157900,75,9750,"Pave","Reg",1958,834,1442,"Y",1442,0,1442,0,0,1,1,4,1,7,0,1958,1,301,0
267000,66,16226,"Pave","IR3",1998,747,1028,"Y",1210,1242,2452,0,0,2,1,4,1,9,1,1998,2,683,208
212900,84,10084,"Pave","Reg",2005,1528,1552,"Y",1552,0,1552,0,0,2,0,3,1,7,0,2005,3,782,144
239000,89,10991,"Pave","IR1",2007,1571,1571,"Y",1571,0,1571,0,0,2,0,3,1,7,1,2007,3,722,100
140000,80,9200,"Pave","Reg",1965,244,1136,"Y",1136,0,1136,1,0,1,0,3,1,5,1,1965,1,384,426
144000,75,9525,"Pave","Reg",1995,1099,1099,"Y",1099,0,1099,0,0,1,1,3,1,6,0,1999,1,352,278
163000,80,10197,"Pave","IR1",1961,700,1362,"Y",1362,0,1362,1,0,1,1,3,1,6,1,1961,2,504,0
190000,105,11751,"Pave","IR1",1977,1139,1844,"Y",1844,0,1844,0,0,2,0,3,1,7,1,1977,2,546,0
133900,60,7200,"Pave","Reg",1972,108,768,"Y",768,0,768,0,1,1,0,2,1,5,0,1974,1,396,192
176000,54,13811,"Pave","IR1",1987,92,1112,"Y",1137,0,1137,1,0,2,0,2,1,5,1,1987,2,551,125
377500,42,14892,"Pave","IR1",2006,426,1746,"Y",1746,0,1746,1,0,2,0,3,1,7,2,2006,3,758,201
142125,68,9717,"Pave","Reg",1950,0,1078,"Y",1078,0,1078,1,0,1,0,2,1,5,0,1950,1,240,366
90000,72,10791,"Pave","Reg",1967,0,0,"Y",1296,0,1296,0,0,2,0,2,2,6,0,1967,2,516,0
118500,80,8480,"Pave","Reg",1947,390,832,"Y",832,384,1216,0,0,1,0,2,1,6,0,1947,1,336,158
200000,79,12798,"Pave","IR1",1997,154,616,"Y",616,1072,1688,1,0,2,1,4,1,8,0,1997,2,603,403
141000,70,7945,"Pave","Reg",1959,465,1150,"Y",1150,0,1150,1,0,1,0,3,1,6,0,1959,1,300,0
312500,85,14331,"Pave","Reg",2002,526,1800,"Y",1800,0,1800,1,0,2,0,3,1,7,1,2002,3,765,270
127000,66,7742,"Pave","Reg",1966,192,955,"Y",955,0,955,1,0,1,0,3,1,6,0,1966,1,386,0
260000,94,13005,"Pave","IR1",1980,153,845,"Y",1153,1200,2353,1,0,2,1,4,1,10,1,1983,2,484,288
214900,80,11316,"Pave","Reg",2002,193,817,"Y",824,1070,1894,1,0,2,1,4,1,8,1,2002,2,510,0
290000,92,10120,"Pave","Reg",1994,425,1165,"Y",1203,1323,2526,1,0,2,1,4,1,8,1,1994,3,844,309
107900,50,6000,"Pave","Reg",1954,901,901,"Y",901,0,901,0,0,1,0,2,1,4,0,1954,1,281,0
171500,75,10125,"Pave","Reg",1977,276,1196,"Y",1279,0,1279,0,1,2,0,3,1,6,2,1980,2,473,238
193879,64,6762,"Pave","Reg",2006,1286,1286,"Y",1294,0,1294,0,0,2,0,2,1,6,1,2006,2,662,168
125000,68,10880,"Pave","Reg",1950,124,1164,"N",1164,0,1164,1,0,1,0,3,1,5,0,1950,1,240,0
190000,63,8487,"Pave","Reg",2004,1480,1500,"Y",1500,0,1500,0,0,2,0,3,1,6,0,2004,2,570,192
235000,44,4750,"Pave","IR1",2006,0,1573,"Y",1625,0,1625,1,1,2,0,2,1,5,1,2006,2,538,123
134900,50,6000,"Pave","Reg",1937,698,698,"Y",786,390,1176,0,0,1,0,2,1,4,0,1999,2,624,210
157500,60,10440,"Pave","Reg",1904,650,650,"Y",958,581,1539,0,0,2,0,3,1,8,1,1983,2,686,70
197000,102,15863,"Pave","Reg",1920,301,824,"Y",1687,998,3082,1,0,2,1,5,1,12,2,1970,2,672,136
207000,59,8198,"Pave","Reg",2004,638,1358,"Y",1358,0,1358,1,0,2,0,2,1,6,1,2004,2,484,192
98600,85,8500,"Pave","Reg",1961,635,1235,"Y",1235,0,1235,0,0,1,0,2,1,6,0,1961,2,480,0
210000,75,9000,"Pave","Reg",2008,768,768,"Y",786,804,1590,0,0,2,1,3,1,6,0,2008,2,676,0
260000,78,11645,"Pave","Reg",2005,434,1734,"Y",1734,0,1734,1,0,2,0,3,1,7,0,2005,2,660,160
250000,84,14260,"Pave","IR1",2000,490,1145,"Y",1145,1053,2198,1,0,2,1,4,1,9,1,2000,3,836,192
130000,24,2522,"Pave","Reg",2004,970,970,"Y",970,739,1709,0,0,2,0,3,1,7,0,2004,2,380,0
196000,34,5381,"Pave","IR1",2005,406,1306,"Y",1306,0,1306,1,0,2,0,1,1,5,1,2005,2,624,170
309000,108,13418,"Pave","Reg",2004,1117,1117,"Y",1132,1320,2452,0,0,3,1,4,1,9,1,2004,3,691,113
192000,43,3182,"Pave","Reg",2004,1232,1256,"Y",1269,0,1269,0,0,2,0,2,1,6,1,2004,2,430,146
129900,70,9100,"Pave","Reg",1958,169,864,"Y",864,0,864,1,0,1,0,3,1,5,0,1964,2,624,0
282922,49,15256,"Pave","IR1",2007,556,1485,"Y",1464,0,1464,1,0,2,0,3,1,6,0,2007,3,754,168
215200,72,8640,"Pave","Reg",2009,732,756,"Y",764,783,1547,0,0,2,1,3,1,7,0,2009,2,614,169
134000,55,8250,"Pave","Reg",1968,210,952,"Y",1211,0,1211,0,0,1,0,3,1,5,1,1968,1,322,0
345000,85,11924,"Pave","IR1",2005,177,1175,"Y",1182,1142,2324,1,0,3,0,4,1,11,2,2005,3,736,147
289000,100,15602,"Pave","IR1",1959,254,1501,"Y",1801,0,1801,1,0,2,0,1,1,6,2,1959,2,484,0
423000,49,20896,"Pave","IR2",2005,356,2077,"Y",2097,0,2097,1,0,1,1,1,1,8,1,2005,3,1134,192
202900,85,14191,"Pave","Reg",2002,967,967,"Y",993,915,1908,0,0,2,1,4,1,9,0,2002,2,431,135
254900,100,12552,"Pave","Reg",2004,769,991,"Y",991,956,1947,0,0,2,1,3,1,8,1,2004,2,678,0
214000,70,9135,"Pave","Reg",2002,726,1536,"Y",1536,0,1536,1,0,2,0,3,1,7,0,2002,2,532,192
93000,60,6000,"Pave","Reg",1953,936,936,"N",936,0,936,0,0,1,0,2,1,4,0,1974,2,576,0
107400,60,5790,"Pave","Reg",1915,840,840,"N",840,765,1605,0,0,2,0,3,2,8,0,1915,1,379,0
122000,120,10356,"Pave","Reg",1975,253,969,"Y",969,0,969,0,0,1,1,3,1,5,0,1975,2,440,0
237000,75,9473,"Pave","Reg",2002,324,1128,"Y",1128,903,2031,1,0,2,1,3,1,7,1,2002,2,577,0
147000,73,9069,"Pave","Reg",1992,189,936,"Y",996,0,996,1,0,1,0,2,1,5,0,1992,2,564,120
135000,72,10152,"Pave","Reg",1956,462,1048,"Y",1048,0,1048,1,0,1,0,3,1,6,0,1956,1,286,0
135000,60,10320,"Pave","Reg",1906,756,756,"Y",756,713,1469,0,0,1,0,3,1,7,0,1906,1,216,57
112000,70,11767,"Pave","Reg",1910,560,560,"N",796,550,1346,0,0,1,1,2,1,6,0,1950,1,384,168
140000,75,10382,"Pave","Reg",1958,75,588,"Y",1095,0,1095,1,0,1,0,2,1,6,0,1958,1,264,0
138000,60,6600,"Pave","Reg",1982,0,816,"Y",816,0,816,1,0,1,0,2,1,4,0,1985,2,816,0
83000,85,10625,"Pave","Reg",1920,350,458,"N",835,0,835,0,0,1,0,2,1,5,0,1920,1,366,0
116000,40,4400,"Pave","Reg",1920,648,648,"Y",734,384,1118,0,0,1,0,2,1,6,0,1990,2,440,0
135000,71,7064,"Pave","Reg",1977,420,980,"Y",980,0,980,0,0,1,0,3,1,6,0,1986,2,484,192
119500,21,1680,"Pave","Reg",1972,399,630,"Y",630,672,1302,0,0,2,1,3,1,6,0,1972,1,264,185
105000,60,9060,"Pave","Reg",1939,356,560,"Y",698,560,1258,0,0,1,0,2,1,6,0,1939,1,280,0
171000,82,11070,"Pave","Reg",1988,1907,1907,"Y",1959,0,1959,0,0,3,0,5,2,9,0,1989,3,766,0
269500,92,12003,"Pave","Reg",2009,774,774,"Y",774,1194,1968,0,0,2,1,4,1,8,1,2009,3,680,0
325000,98,12256,"Pave","IR1",1994,431,1463,"Y",1500,1122,2622,1,0,2,1,3,1,9,2,1994,2,712,186
188000,63,9297,"Pave","Reg",1976,122,1728,"Y",1728,0,1728,2,0,2,0,4,2,8,0,1976,2,560,0
150500,61,8800,"Pave","IR1",1977,364,1040,"Y",1040,0,1040,0,0,2,0,3,1,5,0,1977,2,484,0
130000,55,10267,"Pave","Reg",1918,0,816,"Y",838,0,838,1,0,1,0,2,1,5,0,1961,1,275,0
140000,70,9170,"Pave","Reg",1965,420,1214,"Y",1214,0,1214,1,0,1,0,2,1,6,0,1965,2,461,0
135000,60,3378,"Pave","Reg",1946,651,651,"Y",707,682,1389,0,0,1,1,3,1,6,2,1947,1,240,0
316600,79,12327,"Pave","IR1",1983,55,1496,"Y",1496,636,2132,1,0,1,1,1,1,5,1,1983,2,612,349
125500,40,5436,"Pave","Reg",1922,61,796,"Y",796,358,1154,1,0,1,0,3,1,7,0,1922,1,240,0
82000,60,8400,"Pave","Reg",1950,721,721,"Y",841,0,841,0,0,1,0,2,1,4,0,1950,1,294,250
337000,82,9430,"Pave","Reg",1999,89,1252,"Y",1268,1097,2365,1,0,2,1,3,1,8,1,1999,3,856,0
208500,65,8450,"Pave","Reg",2003,150,856,"Y",856,854,1710,1,0,2,1,3,1,8,0,2003,2,548,0
81000,120,18000,"Grvl","Reg",1935,894,894,"Y",894,0,894,0,0,1,0,2,1,6,0,1994,3,1248,0
192000,68,9017,"Pave","IR1",1999,871,1431,"Y",1431,0,1431,1,0,2,0,3,1,6,0,1999,2,666,0
157000,80,10000,"Pave","Reg",1973,92,1176,"Y",1178,0,1178,0,1,1,1,3,1,5,1,1973,2,439,224
100000,67,8877,"Pave","Reg",1938,126,816,"Y",816,0,816,1,0,1,0,2,1,3,1,1958,1,288,0
446261,67,14948,"Pave","IR1",2008,122,1452,"Y",1476,1237,2713,1,0,2,1,3,1,11,1,2008,3,858,126
108000,60,11040,"Pave","Reg",1920,0,637,"Y",897,439,1336,0,0,1,1,3,1,7,0,1994,1,570,0
206000,64,6762,"Pave","Reg",2006,501,1187,"Y",1208,0,1208,1,0,2,0,2,1,6,0,2006,2,632,105
164500,40,3951,"Pave","Reg",2009,612,612,"Y",612,612,1224,0,0,2,1,2,1,4,0,2009,2,528,0
135000,70,11606,"Pave","IR1",1969,390,1040,"Y",1040,1040,2080,0,1,1,2,5,1,9,2,1969,2,504,335
264132,75,14587,"Pave","IR1",2008,1498,1498,"Y",1506,0,1506,0,0,2,0,2,1,6,1,2008,2,592,0
175000,130,11457,"Pave","IR1",1988,387,1392,"Y",1412,0,1412,1,0,2,0,3,1,6,1,1988,2,576,0
163000,60,10800,"Pave","Reg",1905,482,482,"N",1221,691,1912,0,0,2,0,3,2,7,1,2003,2,672,0
134500,66,8923,"Pave","Reg",1953,365,1008,"Y",1008,0,1008,1,0,1,0,2,1,6,0,1953,1,240,0
187500,44,13758,"Pave","IR1",1990,254,1156,"Y",1187,530,1717,0,0,2,1,3,1,7,1,1990,2,400,168
328000,80,14000,"Pave","Reg",1996,105,1306,"Y",1306,954,2260,1,0,2,1,3,1,7,0,1996,2,533,296
225000,76,9158,"Pave","Reg",2007,1496,1496,"Y",1496,0,1496,0,0,2,0,3,1,7,0,2007,2,474,168
116000,74,8892,"Pave","Reg",1953,105,105,"Y",910,0,910,0,0,1,0,3,1,5,0,1953,2,414,196
350000,91,10437,"Pave","IR1",1995,413,2109,"Y",2113,0,2113,1,0,2,1,2,1,7,1,1995,3,839,236
210000,70,8750,"Pave","Reg",1994,273,915,"Y",933,975,1908,1,0,2,1,4,1,8,1,1994,2,493,144
204000,78,10335,"Pave","IR1",1999,811,1490,"Y",1501,0,1501,1,0,2,0,3,1,6,0,1999,2,577,144
265979,65,11700,"Pave","IR1",1880,1240,1240,"N",1320,1320,2640,0,0,1,1,4,1,8,1,1950,4,864,181
170000,76,9967,"Pave","IR1",2000,384,384,"Y",774,656,1430,0,0,2,1,3,1,8,1,2000,2,400,100
274300,75,9750,"Pave","Reg",1998,133,1108,"Y",1108,989,2097,1,0,2,1,3,1,8,1,1998,2,583,253
87000,50,5000,"Pave","Reg",1941,604,720,"N",803,0,803,0,0,1,0,2,1,5,0,1941,2,360,0
171900,35,4017,"Pave","IR1",2006,625,625,"Y",625,625,1250,0,0,2,1,2,1,5,0,2006,2,625,0
142000,65,6768,"Pave","IR1",1961,80,912,"Y",912,0,912,1,1,1,0,3,1,5,0,1962,1,288,168
132000,70,13300,"Pave","Reg",1956,551,928,"Y",928,0,928,0,0,1,0,2,1,4,0,1956,1,252,261
129900,51,6120,"Pave","Reg",1931,952,952,"Y",1022,752,1774,0,0,2,0,2,2,8,2,1931,2,468,90
146000,24,2280,"Pave","Reg",1978,544,855,"Y",855,601,1456,0,0,2,1,3,1,7,1,1978,2,440,26
207500,79,10240,"Pave","Reg",1980,0,1686,"Y",1686,0,1686,1,0,2,0,3,1,7,1,1980,2,612,384
136000,60,8520,"Pave","Reg",1916,0,714,"N",1664,862,2526,0,0,2,0,5,1,10,1,1916,1,216,88
134000,44,4224,"Pave","Reg",1976,268,1142,"Y",1142,0,1142,1,0,1,1,3,1,6,1,1976,2,528,536
155000,70,7931,"Pave","Reg",1960,363,1269,"Y",1269,0,1269,0,0,1,1,3,1,6,1,1964,1,308,0
126500,80,8892,"Pave","IR1",1960,1065,1065,"Y",1065,0,1065,0,0,1,1,3,1,6,0,1974,2,461,74
220000,80,10041,"Pave","IR1",1992,119,908,"Y",927,988,1915,1,0,2,1,3,1,8,1,1992,2,506,120
538000,47,53504,"Pave","IR2",2003,234,1650,"Y",1690,1589,3279,1,0,3,1,4,1,12,1,2003,3,841,503
66500,52,5720,"Pave","Reg",1941,676,676,"Y",676,455,1131,0,0,1,1,3,1,5,0,1941,1,200,26
205000,80,10480,"Pave","Reg",1976,400,803,"Y",1098,866,1964,0,0,2,1,4,1,8,1,1976,2,483,0
128500,120,9560,"Pave","IR1",1972,504,864,"Y",864,0,864,0,0,1,0,3,1,5,0,1972,1,288,0
119750,50,6305,"Pave","Reg",1938,920,920,"Y",954,0,954,0,0,1,0,2,1,5,1,1938,1,240,0
250580,72,8640,"Pave","Reg",2007,1372,1372,"Y",1372,0,1372,0,0,2,0,3,1,6,0,2008,2,529,0
167000,75,9937,"Pave","Reg",1964,849,1486,"Y",1486,0,1486,1,0,1,0,3,1,7,0,1968,2,480,0
437154,56,20431,"Pave","IR2",2005,438,1848,"Y",1848,880,2728,1,0,2,1,4,1,10,2,2006,3,706,0
148000,35,3675,"Pave","Reg",2005,88,547,"Y",1072,0,1072,1,0,1,0,2,1,5,0,2005,2,525,0
151000,88,8471,"Pave","IR1",1977,0,506,"Y",1212,0,1212,1,0,1,0,3,1,6,1,1978,2,492,292
121600,51,4712,"Pave","IR1",1946,363,747,"Y",774,456,1230,1,0,1,1,3,1,5,0,1946,1,305,0
128000,50,6000,"Pave","Reg",1936,0,672,"Y",757,567,1324,0,0,1,0,3,1,6,0,1936,1,240,0
217500,80,12984,"Pave","Reg",1977,0,1430,"Y",1647,0,1647,1,0,2,0,3,1,7,1,1977,2,621,0
191000,43,3182,"Pave","Reg",2005,1330,1346,"Y",1504,0,1504,0,0,2,0,2,1,7,1,2005,2,437,156
181134,73,8899,"Pave","IR1",2007,1316,1340,"Y",1340,0,1340,0,0,2,0,3,1,6,0,2007,2,396,100
159500,60,10800,"Pave","Reg",1890,718,718,"Y",1576,978,2554,0,0,1,1,3,1,8,0,1996,2,704,0
160000,87,10000,"Pave","IR1",1962,1116,1116,"Y",1116,0,1116,0,0,1,1,3,1,5,0,1962,2,440,0
145000,112,10859,"Pave","Reg",1994,1097,1097,"Y",1097,0,1097,0,0,1,1,3,1,6,0,1995,2,672,392
119500,50,8600,"Pave","Reg",1937,780,780,"Y",780,596,1376,0,0,2,0,3,1,7,1,1937,1,198,0
185000,62,7500,"Pave","Reg",2004,811,1221,"Y",1221,0,1221,1,0,2,0,2,1,6,0,2004,2,400,0
745000,160,15623,"Pave","IR1",1996,300,2396,"Y",2411,2065,4476,1,0,3,1,4,1,10,2,1996,3,813,171
183000,72,7226,"Pave","IR1",2003,798,798,"Y",798,842,1640,0,0,2,1,3,1,6,0,2003,2,595,0
175000,70,12243,"Pave","IR1",1971,486,1484,"Y",1484,0,1484,0,0,2,0,3,1,7,1,1971,2,487,224
555000,105,15431,"Pave","Reg",2008,788,3094,"Y",2402,0,2402,1,0,2,0,2,1,10,2,2008,3,672,0
139950,75,7875,"Pave","Reg",1961,572,1144,"Y",1144,0,1144,1,0,1,0,3,1,6,0,1961,2,456,0
223500,144,21384,"Pave","Reg",1923,15,1324,"Y",1072,504,1576,2,0,1,1,3,1,6,1,1923,2,528,0
229456,72,8640,"Pave","Reg",2009,364,1300,"Y",1314,0,1314,1,0,2,0,3,1,6,0,2009,2,552,135
180500,99,11851,"Pave","Reg",1990,1424,1424,"Y",1442,0,1442,0,0,2,0,3,1,5,0,1990,2,500,0
185000,66,21780,"Pave","Reg",1918,1163,1163,"Y",1163,511,1674,0,0,2,0,4,1,8,1,1955,2,396,72
210000,65,8450,"Pave","Reg",2004,490,1436,"Y",1436,0,1436,1,0,2,0,3,1,8,0,2004,2,484,139
130000,24,2522,"Pave","Reg",2004,970,970,"Y",970,739,1709,0,0,2,0,3,1,7,0,2004,2,380,0
175000,90,11700,"Pave","Reg",1968,143,702,"Y",1041,702,1743,0,1,1,2,3,1,7,1,1968,2,539,224
167000,100,10004,"Pave","Reg",1964,975,1516,"Y",1516,0,1516,0,0,1,1,3,1,6,0,1964,2,472,0
76000,60,9000,"Pave","Reg",1928,784,784,"N",784,0,784,0,0,1,0,2,1,5,0,1950,2,360,0
98300,60,7200,"Pave","Reg",1950,0,0,"Y",1048,0,1048,0,0,1,0,3,1,7,0,1950,2,420,0
142500,100,13350,"Pave","IR1",1974,102,864,"Y",894,0,894,1,0,1,0,3,1,5,1,1974,2,440,241
132250,94,25286,"Pave","Reg",1963,431,1064,"Y",1040,0,1040,1,0,1,0,3,1,5,0,1963,2,648,0
195000,68,8935,"Pave","IR1",2002,831,831,"Y",831,829,1660,0,0,2,1,3,1,7,0,2002,2,493,144
372402,107,13891,"Pave","Reg",2007,310,1710,"Y",1710,0,1710,1,0,2,0,2,1,6,1,2007,3,866,0
335000,42,26178,"Pave","IR1",1989,245,1210,"Y",1238,1281,2519,1,0,2,1,4,1,9,2,1989,2,628,320
117000,50,6000,"Pave","Reg",1925,884,884,"Y",884,464,1348,1,0,1,0,3,1,5,1,1960,1,216,0
123000,60,7200,"Pave","Reg",1972,117,894,"Y",894,0,894,0,0,1,0,2,1,6,0,1985,2,600,215
200500,70,8750,"Pave","Reg",1998,299,804,"Y",804,878,1682,0,0,2,1,3,1,7,0,1998,2,523,0
86000,60,5400,"Pave","Reg",1920,691,691,"Y",691,0,691,0,0,1,0,2,1,4,0,1920,1,216,0
122500,60,11340,"Pave","Reg",1885,777,777,"Y",1246,1044,2290,0,0,2,0,4,2,11,0,1971,2,560,0
87000,52,9439,"Pave","Reg",1930,588,912,"Y",912,336,1248,0,0,1,0,2,1,6,0,1957,1,160,0
95000,107,10615,"Pave","IR1",1900,538,978,"Y",1014,685,1699,1,0,2,0,3,2,7,0,1920,2,420,0
110000,70,5684,"Pave","Reg",1930,813,813,"Y",813,0,813,0,0,1,0,2,1,5,0,1932,1,270,0
129500,54,7244,"Pave","Reg",1970,149,768,"Y",768,0,768,1,0,1,0,2,1,5,0,1987,2,624,104
109500,60,7200,"Pave","Reg",1950,0,0,"Y",1040,0,1040,0,0,1,0,2,1,5,0,1950,2,625,0
139000,80,9600,"Pave","Reg",1958,0,1240,"Y",1632,0,1632,1,0,2,0,3,1,6,1,1958,1,338,289
176000,62,7500,"Pave","Reg",2005,1257,1257,"Y",1266,0,1266,0,0,2,0,3,1,6,1,2005,2,453,38
361919,82,12438,"Pave","IR1",2006,1234,1234,"Y",1264,1312,2576,0,0,2,1,4,1,10,1,2006,3,666,324
233000,76,10142,"Pave","IR1",2004,300,956,"Y",956,1128,2084,1,0,2,1,4,1,8,0,2004,2,618,0
225000,116,13474,"Pave","Reg",1990,0,700,"Y",1122,1121,2243,1,0,2,1,4,1,8,1,1990,3,746,127
284000,85,10655,"Pave","IR1",2003,1603,3206,"Y",1629,0,1629,1,0,2,0,3,1,7,1,2003,3,880,0
239500,80,9828,"Pave","IR1",1995,544,1128,"Y",1142,878,2020,0,0,2,1,3,1,8,1,1995,2,466,0
170000,102,10192,"Pave","IR1",1968,570,570,"Y",1222,698,1920,0,0,3,0,4,1,8,1,1968,2,487,0
501837,63,17423,"Pave","IR1",2008,312,2216,"Y",2234,0,2234,1,0,2,0,1,1,9,1,2009,3,1166,0
260000,121,16059,"Pave","Reg",1991,1288,1288,"Y",1301,1116,2417,0,0,2,1,4,1,9,1,1991,2,462,127
285000,90,11248,"Pave","IR1",2002,567,1626,"Y",1668,0,1668,1,0,2,0,3,1,7,1,2002,3,702,257
109000,60,10134,"Pave","Reg",1940,735,735,"Y",735,299,1034,0,0,1,0,2,1,5,0,1940,1,240,0
177000,57,7558,"Pave","Reg",1928,896,896,"Y",1172,741,1913,0,0,1,1,3,1,9,1,1929,2,342,0
140200,65,6435,"Pave","Reg",1939,972,972,"Y",972,605,1577,0,0,1,0,3,1,6,1,1939,1,312,0
175500,36,2628,"Pave","Reg",2003,764,764,"Y",764,862,1626,0,0,2,1,2,1,6,0,2003,2,474,0
201000,70,8462,"Pave","IR1",1994,114,928,"Y",936,785,1721,0,1,2,1,3,1,7,0,1994,2,471,300
124000,71,9204,"Pave","Reg",1963,247,1144,"Y",1144,0,1144,1,0,1,1,3,1,6,0,1962,1,336,0
145000,70,8393,"Pave","Reg",1959,1098,1626,"Y",1712,0,1712,0,0,2,0,4,2,8,0,2005,2,588,272
152000,80,10400,"Pave","Reg",1976,1090,1090,"Y",1370,0,1370,0,0,2,0,3,1,6,1,1976,2,479,0
120500,60,9000,"Pave","Reg",1971,248,864,"Y",864,0,864,0,0,1,0,3,1,5,0,1974,2,528,0
124000,50,9000,"Pave","Reg",1880,636,636,"Y",1089,661,1750,0,0,1,0,3,1,8,0,1937,1,240,0
217000,79,9236,"Pave","IR1",1997,279,1479,"Y",1494,0,1494,1,0,2,0,3,1,6,0,1997,2,576,168
163000,76,9120,"Pave","Reg",1958,599,1261,"Y",1261,0,1261,1,0,1,0,3,1,6,1,1958,2,433,0
185000,74,10141,"Pave","IR1",1998,832,832,"Y",885,833,1718,0,0,2,1,3,1,7,1,1998,2,427,0
133900,60,7200,"Pave","Reg",1910,168,1214,"N",1260,1031,2291,0,1,2,0,4,2,9,1,1900,2,506,0
132500,70,7728,"Pave","Reg",1962,303,1106,"Y",1190,0,1190,1,0,1,0,3,1,6,0,1962,2,540,0
98000,34,4571,"Pave","Reg",1916,624,624,"N",624,720,1344,0,0,1,0,4,1,7,0,1916,3,513,0
265000,79,10208,"Pave","IR1",1996,1264,1264,"Y",1277,1067,2344,0,0,2,1,3,1,7,1,1996,3,889,220
88000,21,2217,"Pave","Reg",1970,0,546,"Y",546,546,1092,0,0,1,1,3,1,6,0,1970,1,286,238
154000,75,7500,"Pave","Reg",1959,0,1246,"Y",1246,0,1246,1,0,1,1,3,1,6,0,1959,1,305,218
60000,60,8400,"Pave","Reg",1920,0,290,"N",438,0,438,0,0,1,0,1,1,3,0,1930,1,246,0
179900,114,10357,"Pave","IR1",1990,172,910,"Y",1442,0,1442,1,0,2,0,3,1,6,1,1990,2,719,0
147000,100,12000,"Pave","Reg",1948,172,924,"Y",1122,0,1122,1,0,1,0,2,1,6,0,1948,2,528,0
167500,73,9300,"Pave","Reg",1960,571,1268,"Y",1264,0,1264,1,0,1,0,3,1,6,2,1960,2,461,0
103600,54,6629,"Pave","Reg",1925,121,672,"N",697,672,1369,1,0,2,0,3,1,6,0,1930,1,300,147
262280,86,11839,"Pave","Reg",1990,390,1475,"Y",1532,797,2329,1,0,2,1,4,1,10,1,1990,2,514,192
110000,50,3500,"Pave","Reg",1947,408,720,"Y",720,564,1284,0,0,1,1,2,1,5,0,1948,1,240,0
175500,78,12090,"Pave","IR1",1981,606,1422,"Y",1422,0,1422,0,0,2,0,3,1,7,1,1981,2,576,276
127500,73,9855,"Pave","Reg",1956,1436,1436,"Y",1689,0,1689,0,0,1,0,3,1,7,1,1956,2,480,0
208900,47,4230,"Pave","Reg",2006,1352,1352,"Y",1352,0,1352,0,0,2,0,2,1,5,1,2006,2,466,0
233170,79,9541,"Pave","IR1",2009,1502,1502,"Y",1502,0,1502,0,0,2,0,3,1,7,0,2009,2,644,0
123000,68,7838,"Pave","Reg",1967,95,864,"Y",900,0,900,1,0,1,0,3,1,6,1,1967,1,288,175
185500,65,8773,"Pave","Reg",2004,1390,1414,"Y",1414,0,1414,0,0,2,0,3,1,6,0,2004,2,494,132
127000,60,7180,"Pave","IR1",1972,474,864,"Y",864,0,864,0,0,1,0,3,1,5,0,1989,1,352,0
206300,78,7060,"Pave","Reg",1997,35,1344,"Y",1344,0,1344,2,0,2,0,2,2,8,0,1997,4,784,0
162000,32,4500,"Pave","Reg",1998,338,1204,"Y",1204,0,1204,1,0,2,0,2,1,5,0,1998,2,412,0
139000,72,9000,"Pave","Reg",1956,580,1196,"Y",1196,0,1196,1,0,1,0,2,1,6,1,1956,1,297,0
200000,95,13450,"Pave","IR1",2002,216,916,"Y",920,941,1861,1,0,2,1,3,1,8,0,2002,2,492,146
271000,81,10944,"Pave","IR1",1994,223,1223,"Y",1223,904,2127,1,0,2,1,3,1,5,2,1994,2,525,171
141000,140,19138,"Pave","Reg",1951,744,864,"Y",864,0,864,0,0,1,0,2,1,4,0,1951,2,400,0
85000,36,2592,"Pave","Reg",1976,175,536,"Y",536,576,1112,0,0,1,1,3,1,4,0,1976,1,336,182
155000,24,2308,"Pave","Reg",1976,248,804,"Y",804,744,1548,1,0,2,1,3,1,7,1,1976,2,440,48
85400,21,1680,"Pave","Reg",1971,96,483,"Y",483,504,987,0,0,1,1,2,1,4,0,1971,1,264,0
124500,70,8120,"Pave","Reg",1970,673,864,"Y",864,0,864,0,0,1,0,3,1,5,0,1994,2,463,0
124500,60,7596,"Pave","Reg",1952,960,960,"Y",960,1000,1960,0,0,2,0,4,2,10,0,1952,2,400,0
153500,78,10140,"Pave","Reg",1975,268,1056,"Y",1074,0,1074,1,0,1,1,3,1,6,0,1975,2,495,0
224000,44,6371,"Pave","IR1",2009,625,1358,"Y",1358,0,1358,1,0,2,0,2,1,6,1,2010,2,484,192
119000,60,8190,"Pave","Reg",1954,216,948,"Y",948,0,948,1,0,1,0,3,1,5,1,1956,1,280,0
120000,60,9060,"Pave","Reg",1957,0,0,"Y",1340,0,1340,0,0,1,0,3,1,7,1,1957,1,252,116
178000,78,12090,"Pave","Reg",1984,585,585,"Y",1140,728,1868,0,0,3,1,3,1,7,1,1984,2,477,268
146000,34,3604,"Pave","Reg",2007,689,689,"Y",703,689,1392,0,0,2,0,2,1,5,0,2007,2,540,0
245350,64,10475,"Pave","IR1",2008,1694,1694,"Y",1694,0,1694,0,0,2,0,3,1,7,0,2008,3,776,160
252678,72,8640,"Pave","Reg",2009,78,900,"Y",932,920,1852,1,0,2,1,3,1,7,1,2009,2,644,168
114504,60,3600,"Pave","Reg",1910,684,684,"N",684,684,1368,0,0,1,0,3,1,7,0,1930,1,216,0
147000,24,2308,"Pave","Reg",1974,103,855,"Y",855,467,1322,0,1,2,1,3,1,6,1,1974,2,440,260
315000,129,16737,"Pave","Reg",2004,533,1980,"Y",1980,0,1980,1,0,2,0,3,1,8,1,2004,3,770,194
68500,60,6324,"Pave","IR1",1927,520,520,"N",520,0,520,0,0,1,0,1,1,4,0,1920,1,240,49
249700,84,11096,"Pave","Reg",2006,1632,1656,"Y",1656,0,1656,0,0,2,0,3,1,7,0,2006,3,826,0
226000,72,10665,"Pave","IR1",2003,440,1453,"Y",1479,0,1479,1,0,2,0,3,1,7,0,2003,2,558,144
145000,52,6292,"Pave","Reg",1928,861,861,"Y",877,600,1477,0,1,2,0,3,1,6,1,1928,1,216,0
315000,80,9200,"Pave","Reg",1998,484,1470,"Y",1470,1160,2630,1,0,2,1,4,1,8,1,1998,3,696,0
192500,65,14006,"Pave","IR1",2002,936,936,"Y",936,840,1776,0,0,2,1,3,1,7,1,2002,2,474,144
394432,88,11394,"Pave","Reg",2010,411,1856,"Y",1856,0,1856,1,0,1,1,1,1,8,1,2010,3,834,113
234000,53,10918,"Pave","Reg",1926,1276,1276,"Y",1276,804,2080,0,0,1,1,3,1,9,2,1926,1,282,0
108480,60,5400,"Pave","Reg",1921,1073,1073,"Y",1073,0,1073,0,0,1,0,2,1,4,0,1968,1,326,0
240000,75,45600,"Pave","IR2",1908,907,907,"Y",1307,1051,2358,0,0,3,0,5,1,10,1,1908,2,360,486
144000,98,8731,"Pave","IR1",1920,270,915,"Y",1167,0,1167,0,0,1,0,3,1,6,1,1972,2,495,0
183900,35,3735,"Pave","Reg",1999,241,691,"Y",713,739,1452,1,0,2,1,3,1,6,0,1999,2,506,0
119000,80,9600,"Pave","Reg",1950,752,1032,"Y",1032,220,1252,0,0,1,0,3,1,6,0,1950,1,288,0
145000,80,11040,"Pave","Reg",1971,602,1258,"Y",1258,0,1258,0,1,2,0,3,1,5,0,1971,2,528,55
150750,75,7388,"Pave","Reg",1959,658,1063,"Y",1327,0,1327,1,0,1,0,3,1,7,0,1974,2,624,0
125000,50,7175,"Pave","Reg",1984,0,744,"Y",752,0,752,1,0,1,0,2,1,4,0,1984,1,264,353
182000,95,11639,"Pave","Reg",2007,1428,1428,"Y",1428,0,1428,0,0,2,0,3,1,6,0,2007,2,480,0
230000,79,12420,"Pave","Reg",2001,278,944,"Y",944,896,1840,1,0,2,1,3,1,6,0,2001,2,622,0
147500,75,9937,"Pave","Reg",1965,136,1256,"Y",1256,0,1256,1,0,1,1,3,1,6,0,1965,1,276,736
152000,82,12464,"Pave","IR2",1996,308,1040,"Y",1040,0,1040,1,0,1,0,3,1,6,0,2000,2,576,168
100000,60,8520,"Pave","Reg",1923,968,968,"Y",968,0,968,0,0,1,0,2,1,5,0,1935,2,480,0
315500,89,12898,"Pave","IR1",2007,598,1620,"Y",1620,0,1620,1,0,2,0,2,1,6,1,2008,3,912,228
134432,80,17120,"Pave","Reg",1959,0,0,"Y",1120,468,1588,0,0,2,0,4,1,7,1,1991,2,680,0
156000,43,13568,"Pave","IR2",1995,274,990,"Y",990,0,990,0,1,1,0,3,1,5,0,1996,2,576,224
176432,78,9317,"Pave","IR1",2006,1290,1314,"Y",1314,0,1314,0,0,2,0,3,1,6,1,2006,2,440,0
140000,71,7056,"Pave","Reg",1963,380,780,"Y",983,813,1796,1,0,1,1,4,1,8,1,1963,2,483,0
164700,35,4251,"Pave","IR1",2006,625,625,"Y",625,625,1250,0,0,2,1,2,1,5,0,2006,2,528,0
239799,73,8760,"Pave","Reg",2006,927,1391,"Y",1391,571,1962,0,0,2,1,3,1,7,0,2006,3,868,0
107000,94,7819,"Pave","Reg",1976,480,1029,"Y",1117,0,1117,1,0,1,0,3,1,6,1,1976,2,672,144
118000,21,1680,"Pave","Reg",1972,321,483,"Y",483,504,987,0,0,1,1,2,1,5,0,1972,1,264,250
151000,24,1950,"Pave","Reg",1980,23,716,"Y",716,840,1556,1,0,2,1,3,1,6,1,1980,2,452,161
244000,93,11160,"Pave","Reg",1968,1045,2110,"Y",2110,0,2110,1,0,2,1,3,1,8,2,1968,2,522,0
90350,40,4280,"Pave","Reg",1913,75,440,"N",694,0,694,0,0,1,0,2,1,4,1,1990,1,352,0
582933,107,13891,"Pave","Reg",2008,1734,1734,"Y",1734,1088,2822,0,0,3,1,4,1,12,1,2009,3,1020,52
126000,75,10125,"Pave","Reg",1977,0,0,"Y",1302,432,1734,0,0,2,0,4,2,8,0,1977,2,539,0
144152,30,3180,"Pave","Reg",2005,600,600,"Y",520,600,1200,0,0,2,1,2,1,4,0,2005,2,480,0
221000,88,12803,"Pave","IR1",2002,572,1494,"Y",1494,0,1494,1,0,2,0,3,1,6,1,2002,2,530,192
119900,60,7800,"Pave","Reg",1965,187,828,"Y",965,0,965,1,0,1,0,3,1,6,0,1979,1,300,421
143900,40,13673,"Pave","IR1",1962,1140,1140,"Y",1696,0,1696,0,0,1,1,3,1,8,1,1962,1,349,0
410000,56,14720,"Pave","IR1",1995,1217,2033,"Y",2053,1185,3238,1,0,2,1,4,1,9,1,1996,3,666,283
155000,50,2500,"Pave","Reg",1915,611,910,"Y",916,910,1826,1,0,1,1,4,1,7,1,1915,1,164,0
220000,95,12182,"Pave","Reg",2005,340,1541,"Y",1541,0,1541,0,0,2,0,3,1,7,1,2005,2,532,0
132000,70,7420,"Pave","Reg",1962,640,1057,"Y",1057,0,1057,0,0,1,0,3,1,6,0,1977,2,576,0
73000,30,5232,"Pave","IR3",1925,680,680,"N",764,0,764,0,0,1,0,2,1,4,0,1965,2,504,0
227000,67,9808,"Pave","IR1",2002,785,1573,"Y",1573,0,1573,1,0,2,0,3,1,6,0,2002,2,544,0
189000,51,9842,"Pave","Reg",1921,612,612,"Y",990,1611,2601,0,0,3,1,4,1,8,0,1998,2,621,183
290000,82,9950,"Pave","IR1",1995,638,1203,"Y",1214,1306,2520,0,0,2,1,4,1,9,1,1995,3,721,224
244600,74,9612,"Pave","Reg",2008,1468,1468,"Y",1468,0,1468,0,0,2,0,3,1,6,1,2008,3,898,210
157000,60,7024,"Pave","Reg",2005,110,1090,"Y",1090,0,1090,1,0,1,1,2,1,5,0,2005,2,450,0
190000,65,9313,"Pave","IR1",2004,864,864,"Y",864,864,1728,0,0,2,1,3,1,7,0,2004,2,572,187
149900,65,8385,"Pave","Reg",1977,390,985,"Y",985,0,985,0,0,2,0,3,1,6,0,1977,1,328,210
287090,78,9262,"Pave","Reg",2008,1573,1573,"Y",1578,0,1578,0,0,2,0,3,1,7,1,2008,3,840,0
163000,60,10800,"Pave","Reg",1914,490,880,"N",880,888,1768,0,0,1,1,2,1,6,2,1914,2,320,0
280000,78,12011,"Pave","IR1",1998,130,1086,"Y",1086,838,1924,1,0,2,1,3,1,7,1,1998,2,592,208
226000,88,14200,"Pave","Reg",1966,479,924,"Y",1216,941,2157,0,0,2,1,4,1,8,2,1966,2,487,105
250000,98,11428,"Pave","IR1",2006,1626,1626,"Y",1634,0,1634,0,0,2,0,3,1,7,1,2006,3,866,0
64500,60,10800,"Pave","Reg",1927,656,656,"Y",968,0,968,0,0,2,0,4,1,5,0,1928,1,216,0
137500,51,6120,"Pave","Reg",1920,939,939,"Y",939,574,1513,0,0,1,1,4,1,8,0,1933,1,180,24
140000,75,11310,"Pave","Reg",1954,1367,1367,"Y",1375,0,1375,0,0,1,0,2,1,5,1,1954,2,451,0
206900,85,11075,"Pave","Reg",1969,176,952,"Y",1092,1020,2112,0,0,2,1,4,1,9,2,1969,2,576,280
345000,75,13860,"Pave","Reg",1972,542,1952,"Y",2000,704,2704,1,0,2,1,4,1,9,3,1972,2,538,269
172500,53,3922,"Pave","Reg",2006,1258,1258,"Y",1258,0,1258,0,0,2,0,2,1,6,1,2007,3,648,144
156500,70,8400,"Pave","Reg",1957,628,1478,"Y",1478,0,1478,1,0,1,1,3,1,6,2,1957,2,442,114
101000,60,7200,"Pave","Reg",1920,530,530,"N",581,530,1111,0,0,1,0,3,1,6,0,1935,1,288,0
135000,65,7804,"Pave","Reg",1928,500,1122,"Y",1328,653,1981,1,0,2,0,4,1,7,2,1981,2,576,431
242000,313,27650,"Pave","IR2",1960,160,585,"Y",2069,0,2069,1,0,2,0,4,1,9,1,1960,2,505,0
208900,75,13125,"Pave","Reg",1997,484,1478,"Y",1493,0,1493,1,0,2,0,3,1,7,1,1997,2,508,140
88000,51,6120,"Pave","Reg",1925,279,768,"N",1015,0,1015,0,0,1,0,3,1,6,0,1925,1,450,0
222500,75,11404,"Pave","IR1",1998,901,1153,"Y",1153,878,2031,0,0,2,1,3,1,8,1,1998,2,541,192
155000,70,7700,"Pave","Reg",1966,756,756,"Y",1051,788,1839,0,0,1,1,4,1,7,1,1966,2,442,0
133000,70,8445,"Pave","Reg",1972,112,768,"Y",768,0,768,1,0,1,0,2,1,5,0,1988,2,396,58
130000,65,7800,"Pave","Reg",1967,414,864,"Y",899,0,899,0,0,1,0,3,1,5,0,1967,1,288,64
274725,168,23257,"Pave","IR3",2006,868,868,"Y",887,1134,2021,0,0,2,1,3,1,9,1,2006,2,422,0
179200,50,8012,"Pave","Reg",1992,1145,1575,"Y",1575,0,1575,1,0,2,0,2,1,5,0,1992,2,529,0
143000,65,25095,"Pave","IR1",1968,113,1437,"Y",1473,0,1473,2,0,1,0,1,1,5,2,1968,1,452,0
117500,70,9100,"Pave","Reg",1965,121,925,"Y",925,0,925,0,1,1,0,2,1,5,0,1965,1,429,0
140000,60,7200,"Pave","Reg",1980,0,936,"Y",936,0,936,1,0,1,0,2,1,4,0,1980,2,672,49
184000,60,9120,"Pave","Reg",1925,697,1026,"Y",1133,687,1820,1,0,2,0,4,1,8,0,1925,1,240,0
175900,65,7153,"Pave","Reg",1992,374,761,"Y",810,793,1603,0,0,2,1,3,1,7,0,1992,2,484,0
155000,85,10452,"Pave","IR1",1953,594,1094,"Y",1094,0,1094,0,0,1,0,3,1,5,2,1953,2,495,0
189000,40,4671,"Pave","IR1",1988,461,1228,"Y",1228,0,1228,1,0,2,0,2,1,5,1,1988,2,472,168
119000,60,7200,"Pave","Reg",1950,246,876,"Y",988,0,988,0,0,1,0,3,1,6,0,1950,1,276,0
232600,81,11216,"Pave","Reg",2006,1489,1489,"Y",1489,0,1489,0,0,2,0,3,1,7,1,2006,2,776,0
159895,43,3182,"Pave","Reg",2007,1266,1266,"Y",1266,0,1266,0,0,2,0,2,1,6,1,2007,2,388,100
176000,120,19296,"Pave","Reg",1962,0,1362,"Y",1382,0,1382,1,0,1,0,3,1,6,1,1991,2,884,0
129500,60,9600,"Pave","Reg",1917,416,735,"N",1134,924,2058,0,0,1,1,3,1,8,1,1950,2,396,0
392000,60,8089,"Pave","Reg",2007,474,1419,"Y",1419,0,1419,1,0,2,0,2,1,7,1,2007,2,567,140
149700,90,7407,"Pave","Reg",1957,312,912,"Y",1236,0,1236,1,0,1,0,2,1,6,0,1957,2,923,0
149900,134,17755,"Pave","Reg",1959,1290,1466,"Y",1466,0,1466,0,0,1,1,3,1,6,2,1959,2,528,0
556581,85,16056,"Pave","IR1",2005,1752,1992,"Y",1992,876,2868,0,0,3,1,4,1,11,1,2005,3,716,214
127500,70,9100,"Pave","Reg",1959,252,864,"Y",864,0,864,0,0,1,0,2,1,5,0,2008,1,300,0
100000,65,7150,"Pave","Reg",1967,460,892,"Y",892,0,892,0,0,1,0,3,1,5,0,1967,1,288,0
402000,52,46589,"Pave","IR2",1994,88,1629,"Y",1686,762,2448,1,0,2,1,4,1,8,1,1994,3,711,517
157000,82,11880,"Pave","IR1",1978,567,1271,"Y",1601,0,1601,0,0,2,0,3,1,7,1,1978,2,478,0
179900,90,11700,"Pave","Reg",1968,304,708,"Y",708,708,1416,0,0,2,1,3,1,7,1,1968,2,776,0
154900,54,7681,"Pave","IR1",1921,731,731,"Y",820,523,1343,0,0,1,1,3,1,7,1,1921,1,186,192
158000,85,9350,"Pave","Reg",1964,452,1302,"Y",1302,0,1302,0,1,2,0,3,1,7,0,1964,1,309,333
167900,80,9760,"Pave","Reg",1964,0,780,"Y",798,813,1611,1,0,1,1,4,1,7,0,1964,2,442,328
120000,50,6000,"Pave","Reg",1948,318,649,"Y",679,504,1183,0,0,1,1,2,1,6,0,1981,1,308,0
110000,85,11475,"Pave","Reg",1958,1584,1584,"Y",1776,0,1776,1,0,2,0,4,2,9,0,1968,3,888,0
113000,50,9340,"Pave","Reg",1941,328,672,"Y",672,0,672,1,0,1,0,2,1,4,0,1941,1,234,0
175000,85,10200,"Pave","Reg",1988,678,1461,"Y",1509,0,1509,1,0,2,0,3,1,5,1,1988,2,600,224
153575,60,8730,"Pave","Reg",1915,698,698,"Y",698,698,1396,0,0,1,0,3,1,7,0,2003,1,384,0
394617,96,12444,"Pave","Reg",2008,596,1932,"Y",1932,0,1932,1,0,2,0,2,1,7,1,2008,3,774,0
383970,77,9965,"Pave","Reg",2007,280,1264,"Y",1282,1414,2696,1,0,2,1,4,1,10,1,2007,3,792,120
149900,70,9800,"Pave","Reg",1972,0,894,"Y",894,0,894,1,0,1,0,3,1,5,0,1975,2,552,256
159500,79,8910,"Pave","Reg",1959,0,655,"Y",1194,0,1194,0,1,1,0,3,1,6,1,1954,2,539,0
140000,60,8400,"Pave","Reg",1940,552,940,"Y",1192,403,1595,0,0,1,0,2,1,6,2,1940,1,240,0
140000,60,9550,"Pave","IR1",1915,540,756,"Y",961,756,1717,1,0,1,0,3,1,7,1,1998,3,642,0
138000,60,7200,"Pave","Reg",1950,676,1208,"Y",1136,768,1904,1,0,1,1,3,1,7,0,1950,1,240,0
392500,64,5587,"Pave","IR1",2008,120,1600,"Y",1652,0,1652,1,1,2,0,2,1,5,1,2008,2,482,162
192000,70,8749,"Pave","Reg",2002,1459,1459,"Y",1459,0,1459,0,0,2,0,3,1,6,1,2002,2,527,192
207000,64,13053,"Pave","Reg",1923,833,833,"Y",1053,795,1848,0,0,1,1,4,1,8,1,1922,2,370,0
175500,80,9600,"Pave","Reg",1973,326,1242,"Y",1242,0,1242,0,0,1,1,3,1,6,1,1973,2,528,0
325000,108,13173,"Pave","IR1",2006,80,1652,"Y",1652,0,1652,1,0,2,0,2,1,6,2,2006,2,840,404
290000,85,10182,"Pave","IR1",2006,440,1660,"Y",1660,0,1660,1,0,2,0,3,1,8,1,2006,2,500,322
87000,60,9600,"Pave","Reg",1900,1095,1095,"N",1095,679,1774,1,0,2,0,4,2,8,0,1920,3,779,0
166000,80,11900,"Pave","IR1",1957,352,1392,"Y",1392,0,1392,1,0,1,1,3,1,6,2,1957,2,458,0
178900,65,10237,"Pave","Reg",2005,783,783,"Y",783,701,1484,0,0,2,1,3,1,8,1,2005,2,393,0
173733,30,3000,"Pave","Reg",2009,318,612,"Y",612,612,1224,0,0,2,1,2,1,4,0,2009,2,528,0
202500,91,14145,"Pave","Reg",1984,995,1208,"Y",1621,0,1621,1,0,2,0,3,1,8,0,1984,2,440,108
375000,150,215245,"Pave","IR3",1965,80,2136,"Y",2036,0,2036,2,0,2,0,3,1,8,2,1965,2,513,0
305000,85,12244,"Pave","Reg",2003,611,1482,"Y",1482,780,2262,1,0,2,1,4,1,10,2,2003,3,749,168
274900,76,9591,"Pave","Reg",2004,625,1713,"Y",1713,0,1713,1,0,2,0,3,1,7,1,2004,3,856,0
185850,43,7052,"Pave","IR1",2005,705,1364,"Y",1364,0,1364,1,0,2,0,2,1,6,1,2005,2,484,192
191000,93,9382,"Pave","IR1",1999,1468,1468,"Y",1479,0,1479,0,0,2,0,3,1,6,0,1999,2,577,120
167500,73,9735,"Pave","Reg",2006,384,384,"Y",754,640,1394,0,0,2,1,3,1,7,0,2007,2,400,100
264561,53,3982,"Pave","Reg",2006,366,1520,"Y",1567,0,1567,1,0,2,0,1,1,7,1,2006,3,648,312
295493,61,10226,"Pave","IR1",2008,1622,1622,"Y",1630,0,1630,1,0,2,0,3,1,8,1,2008,3,860,172
165500,70,10552,"Pave","IR1",1959,380,1398,"Y",1700,0,1700,0,1,1,1,4,1,6,1,1959,2,447,0
122900,60,8064,"Pave","Reg",1949,672,672,"Y",672,252,924,0,0,1,0,3,1,6,1,2003,2,576,0
58500,45,8212,"Pave","Reg",1914,661,864,"N",864,0,864,1,0,1,0,2,1,5,0,1938,1,200,0
135000,70,7000,"Pave","Reg",1960,422,1010,"Y",1134,0,1134,0,0,1,0,2,1,6,0,1960,1,254,0
378500,89,13214,"Pave","IR1",2008,2002,2002,"Y",2018,0,2018,0,0,2,0,3,1,10,1,2009,3,746,144
120000,60,10800,"Pave","Reg",1920,299,1120,"Y",1130,0,1130,1,0,1,0,2,1,5,1,1970,2,720,229
86000,21,1526,"Pave","Reg",1970,115,630,"Y",630,0,630,1,0,1,0,1,1,3,0,1970,1,286,0
213250,78,10140,"Pave","Reg",1998,379,1650,"Y",1680,0,1680,1,0,2,0,3,1,7,1,1998,2,583,78
386250,103,13472,"Pave","Reg",2003,2336,2392,"Y",2392,0,2392,0,0,2,0,3,1,8,1,2003,3,968,248
194700,61,7577,"Pave","IR1",2005,1342,1362,"Y",1362,0,1362,0,0,2,0,2,1,6,1,2005,2,460,192
144000,60,8400,"Pave","Reg",1977,0,0,"Y",2020,0,2020,0,0,2,0,4,2,10,2,1977,2,630,0
177000,63,15576,"Pave","Reg",1915,840,840,"Y",840,840,1680,0,0,2,0,4,1,8,0,1960,1,308,0
241000,65,8125,"Pave","Reg",2006,280,1092,"Y",1112,438,1550,1,0,2,0,2,1,7,0,2007,2,438,0
184000,47,12416,"Pave","IR1",1986,0,1606,"Y",1651,0,1651,1,0,2,0,3,1,7,1,1986,2,616,192
98000,50,8405,"Pave","Reg",1945,0,0,"N",1088,441,1529,0,0,2,0,4,1,9,0,1945,1,240,92
176000,34,3230,"Pave","Reg",1999,310,729,"Y",729,729,1458,0,0,2,1,2,1,5,1,1999,2,440,0
178000,60,9600,"Pave","Reg",1925,712,728,"Y",832,809,1641,0,1,1,1,3,1,6,1,1925,2,546,0
83000,21,1953,"Pave","Reg",1973,174,483,"Y",483,504,987,0,0,1,1,2,1,5,0,1973,1,264,72
197000,80,11584,"Pave","Reg",1979,114,539,"Y",1040,685,1725,0,0,2,1,3,1,6,1,1979,2,550,0
105000,79,9492,"Pave","Reg",1941,359,768,"Y",968,408,1376,1,0,1,0,3,1,6,1,1941,1,240,0
156000,61,7930,"Pave","Reg",1969,115,1026,"Y",1026,0,1026,1,0,1,0,3,1,5,0,1969,2,440,171
173000,36,2268,"Pave","Reg",2003,197,764,"Y",764,862,1626,0,0,2,0,2,1,6,0,2003,2,474,0
156932,73,8499,"Pave","IR1",2006,616,616,"Y",616,796,1412,0,0,2,1,3,1,6,1,2007,2,432,0
129500,70,11200,"Pave","Reg",1965,134,1040,"Y",1040,0,1040,1,0,1,0,3,1,5,0,1965,1,384,0
146000,71,9230,"Pave","Reg",1965,203,864,"Y",1200,0,1200,1,0,1,1,1,1,6,0,1977,2,884,0
138500,65,8450,"Pave","Reg",1965,224,894,"Y",894,0,894,1,0,1,0,3,1,5,1,1973,1,336,416
116050,71,9353,"Pave","Reg",1970,864,864,"Y",864,0,864,0,0,1,0,3,1,5,0,1972,1,280,0
137900,89,10680,"Pave","Reg",1951,1380,2136,"N",2136,0,2136,0,0,2,0,4,1,7,0,1951,2,528,0
100000,60,6911,"Pave","Reg",1924,740,1145,"Y",1301,0,1301,0,0,1,0,2,1,5,0,1965,2,440,0
105000,60,10410,"Pave","Reg",1915,672,672,"Y",694,520,1214,0,0,1,0,3,1,6,0,1998,3,936,216
112000,68,8930,"Pave","Reg",1978,0,0,"Y",1318,584,1902,0,0,2,0,4,2,8,0,1978,2,539,0
108959,60,12900,"Pave","Reg",1969,0,1198,"Y",1258,0,1258,2,0,0,2,0,2,6,0,1969,2,400,120
310000,85,11003,"Pave","Reg",2008,252,1017,"Y",1026,981,2007,1,0,2,1,3,1,10,1,2008,3,812,168
107000,57,9906,"Pave","Reg",1925,686,686,"N",810,518,1328,0,0,1,0,3,1,8,0,1940,1,210,0
148500,24,2280,"Pave","Reg",1976,289,855,"Y",855,601,1456,0,0,2,1,3,1,7,1,1976,2,440,87
187100,67,16285,"Pave","IR2",2001,1413,1413,"Y",1430,0,1430,0,0,2,0,3,1,6,0,2001,2,605,0
136900,75,9525,"Pave","Reg",1954,550,994,"Y",1216,639,1855,0,0,2,0,4,1,7,0,1954,1,325,182
149500,128,12160,"Pave","Reg",1953,481,1505,"Y",1505,0,1505,1,0,1,0,2,1,6,1,1953,2,505,0
145000,65,10482,"Pave","Reg",1958,81,588,"Y",1138,0,1138,0,1,1,0,3,1,6,0,1958,1,264,224
257000,88,10994,"Pave","IR1",2005,868,1844,"Y",1844,0,1844,1,0,2,0,2,1,7,1,2005,2,620,165
197500,78,9360,"Pave","Reg",1972,179,1161,"Y",1381,0,1381,1,0,1,1,3,1,5,1,1972,2,676,0
132500,55,10780,"Pave","IR1",1976,428,911,"Y",954,0,954,0,0,1,0,3,1,6,0,1976,2,576,0
180500,60,13515,"Pave","Reg",1919,764,764,"Y",1060,764,1824,0,0,1,0,3,1,8,1,1940,2,520,0
128000,80,9920,"Pave","Reg",1954,412,1056,"Y",1063,0,1063,1,0,1,0,3,1,6,0,1954,1,280,0
122500,24,1920,"Pave","Reg",1971,294,765,"Y",765,600,1365,1,0,1,1,2,1,6,0,1971,2,440,240
213000,70,8400,"Pave","Reg",2004,761,1473,"Y",1484,0,1484,1,0,2,0,3,1,7,0,2004,2,606,0
151000,65,9750,"Pave","Reg",1969,14,1054,"Y",1054,0,1054,1,0,1,1,3,1,6,0,1969,2,460,180
119900,65,7800,"Pave","Reg",1939,286,793,"Y",793,325,1118,1,0,1,0,3,1,5,1,1939,2,410,0
147000,75,9986,"Pave","Reg",2006,1795,1795,"Y",1795,0,1795,0,0,2,0,2,1,7,1,2007,3,895,0
155000,80,8816,"Pave","Reg",1971,506,1010,"Y",1052,0,1052,1,0,1,0,3,1,6,0,1971,2,440,0
118000,21,1680,"Pave","Reg",1972,355,672,"Y",672,546,1218,0,1,1,1,3,1,7,0,1972,1,264,0
123500,57,6420,"Pave","IR1",1952,219,980,"Y",1148,0,1148,0,1,1,0,2,1,6,0,1952,1,308,0
236500,39,5389,"Pave","IR1",1995,415,1595,"Y",1616,0,1616,1,0,2,0,2,1,5,1,1995,2,608,237
224900,48,12137,"Pave","IR2",1998,1649,1649,"Y",1661,0,1661,0,0,2,0,3,1,6,0,1998,2,598,0
215000,80,9554,"Pave","IR1",1993,397,777,"Y",1065,846,1911,0,0,2,1,3,1,8,1,1993,2,471,182
151400,42,3964,"Pave","Reg",1973,105,942,"Y",1291,1230,2521,1,0,2,1,5,1,10,1,1973,2,576,728
118500,60,6204,"Pave","Reg",1912,795,795,"N",954,795,2230,1,0,1,0,5,1,10,0,1997,1,440,0
145000,75,8250,"Pave","Reg",1964,305,1092,"Y",1092,0,1092,1,0,1,0,3,1,6,0,1964,2,504,0
303477,75,9000,"Pave","Reg",2007,1120,1184,"Y",1184,1426,2610,0,0,2,1,4,1,11,1,2007,2,550,208
174000,65,8125,"Pave","Reg",1994,702,702,"Y",702,779,1481,0,0,2,1,3,1,6,1,1994,2,343,0
193500,100,13000,"Pave","Reg",1968,448,896,"Y",1182,960,2142,0,0,2,1,4,1,8,1,1968,1,509,0
119000,50,6000,"Pave","Reg",1926,884,884,"Y",904,0,904,0,0,1,0,2,1,4,0,1926,1,180,0
301500,91,14303,"Pave","IR1",1994,672,1986,"Y",1987,0,1987,1,0,2,0,2,1,7,1,1994,2,691,262
186700,50,35133,"Grvl","Reg",1963,413,1572,"Y",1572,0,1572,1,0,1,1,3,1,5,2,1963,3,995,0
172500,34,3230,"Pave","Reg",1999,348,729,"Y",742,729,1471,0,0,2,1,3,1,6,0,1999,2,440,0
196000,59,4282,"Pave","IR2",2004,1375,1391,"Y",1391,0,1391,0,0,2,0,2,1,5,0,2004,2,530,156
203000,73,11883,"Pave","Reg",1996,814,1504,"Y",1504,0,1504,1,0,2,0,3,1,6,1,1996,2,478,115
131500,75,11625,"Pave","Reg",1965,198,1039,"Y",1039,0,1039,1,0,1,1,3,1,6,0,1965,2,504,0
127500,53,4043,"Pave","Reg",1977,709,1069,"Y",1069,0,1069,0,0,2,0,2,1,4,1,1977,2,440,0
161000,60,9600,"Pave","Reg",1928,548,689,"Y",689,689,1378,0,0,2,0,3,1,7,1,1928,2,360,0
306000,98,11478,"Pave","Reg",2007,486,1704,"Y",1704,0,1704,1,0,2,0,3,1,7,1,2008,3,772,0
318061,68,7820,"Pave","IR1",2007,1869,1869,"Y",1869,0,1869,0,0,2,0,2,1,6,1,2007,2,617,210
200000,91,11643,"Pave","Reg",1969,748,1248,"Y",1338,1296,2634,1,1,2,2,6,2,12,0,1969,4,968,0
142500,63,13072,"Pave","Reg",2005,1141,1141,"Y",1141,0,1141,0,0,1,1,3,1,6,0,2005,2,484,0
175000,62,7917,"Pave","Reg",1999,953,953,"Y",953,694,1647,0,0,2,1,3,1,7,1,1999,2,460,0
260000,124,16158,"Pave","IR1",2005,256,1530,"Y",1530,0,1530,1,0,2,0,3,1,7,1,2005,2,430,168
181000,100,10839,"Pave","IR1",1997,926,926,"Y",926,678,1604,0,0,2,1,3,1,7,1,1997,2,470,0
275000,74,10927,"Pave","Reg",2005,512,1058,"Y",1058,846,1904,1,0,2,1,3,1,8,1,2003,2,736,179
164000,152,12134,"Pave","IR1",1988,132,559,"Y",1080,672,1752,0,0,2,0,4,1,8,0,1988,2,492,325
402861,94,12220,"Pave","Reg",2009,570,2006,"Y",2020,0,2020,1,0,2,1,3,1,9,1,2009,3,900,156
155000,66,13695,"Pave","Reg",2003,300,1114,"Y",1114,0,1114,1,0,1,0,3,1,6,0,2004,2,576,0
138000,60,8072,"Pave","Reg",1994,244,990,"Y",990,0,990,1,0,1,0,3,1,5,0,2000,2,480,0
128000,66,6858,"Pave","Reg",1915,806,806,"N",841,806,1647,1,0,1,1,4,1,6,0,1920,1,216,0
102000,60,6180,"Pave","Reg",1926,960,960,"N",986,0,986,0,0,1,0,2,1,5,1,1926,1,180,0
611657,100,12919,"Pave","IR1",2009,142,2330,"Y",2364,0,2364,1,0,2,1,2,1,11,2,2009,3,820,0
175900,51,3635,"Pave","Reg",2007,398,1386,"Y",1569,0,1569,0,1,2,0,1,1,7,1,2007,3,660,143
139400,57,7449,"Pave","Reg",1930,637,637,"Y",1108,0,1108,0,0,1,0,3,1,6,1,1930,1,280,0
97000,70,10500,"Pave","Reg",1971,160,864,"Y",864,0,864,0,0,1,0,2,1,4,0,1989,2,576,216
242000,96,11275,"Pave","Reg",1967,710,710,"Y",1898,1080,2978,0,0,2,1,5,1,11,1,1961,2,564,240
214000,78,10264,"Pave","IR1",1999,426,1588,"Y",1588,0,1588,0,0,2,0,3,1,6,0,1999,2,472,158
245000,78,10206,"Pave","Reg",2007,1530,1563,"Y",1563,0,1563,0,0,2,0,3,1,6,1,2007,3,758,144
284000,85,10625,"Pave","Reg",2003,132,998,"Y",1006,1040,2046,1,0,2,1,3,1,8,1,2003,3,871,320
139000,70,10500,"Pave","Reg",1971,23,372,"Y",576,533,1109,0,1,1,0,3,1,5,0,1971,1,288,35
440000,110,14977,"Pave","IR1",2006,626,1976,"Y",1976,0,1976,1,0,2,0,2,1,7,1,2006,3,908,250
127000,92,7438,"Pave","IR1",1908,504,504,"Y",936,316,1252,0,0,1,0,3,1,5,0,1986,2,576,104
164000,53,7128,"Pave","Reg",1941,554,918,"Y",918,728,1646,0,0,2,0,4,1,7,2,1941,1,240,0
333168,108,14774,"Pave","IR1",1999,1393,1393,"Y",1422,1177,2599,0,0,2,1,4,1,10,1,1999,3,779,668
283463,93,15306,"Pave","IR1",2006,1652,1732,"Y",1776,0,1776,1,0,2,0,3,1,7,1,2006,3,712,0
179665,58,17104,"Pave","IR1",2006,100,654,"Y",664,832,1496,1,0,2,1,3,1,7,1,2006,2,426,100
135500,59,16466,"Pave","IR1",1955,816,816,"Y",872,521,1393,0,0,1,1,3,1,8,0,1955,1,300,121
157000,60,7200,"Pave","Reg",1920,596,596,"Y",998,764,1762,1,0,1,1,4,1,8,0,1989,2,576,36
153900,100,12665,"Pave","IR1",1915,876,876,"Y",876,540,1416,0,0,1,1,4,1,7,1,1949,3,720,418
354000,99,12099,"Pave","IR1",2004,166,1136,"Y",1136,1332,2468,1,0,2,1,4,1,10,1,2004,3,872,184
174900,82,9020,"Pave","Reg",1966,276,1127,"Y",1165,0,1165,1,0,1,1,3,1,6,0,1966,2,490,0
246578,53,4045,"Pave","Reg",2006,286,1356,"Y",1500,0,1500,1,0,2,0,2,1,6,1,2006,3,648,161
130500,60,6600,"Pave","Reg",1982,175,816,"Y",816,0,816,0,1,1,0,3,1,5,1,1982,1,264,0
293077,71,9520,"Pave","IR1",2007,125,1638,"Y",1646,0,1646,1,0,2,0,3,1,7,1,2008,3,800,192
75000,21,2001,"Pave","Reg",1970,546,546,"Y",546,546,1092,0,0,1,1,3,1,6,0,1970,1,286,0
180000,72,11317,"Pave","Reg",2003,840,840,"Y",840,828,1668,0,0,2,1,3,1,8,0,2003,2,500,144
202500,44,6442,"Pave","IR1",2006,1346,1370,"Y",1370,0,1370,0,0,2,0,2,1,6,1,2006,2,484,120
318000,93,12030,"Pave","Reg",2007,1694,1694,"Y",1694,0,1694,0,0,2,0,3,1,7,0,2007,3,818,168
80000,21,1477,"Pave","Reg",1970,121,630,"Y",630,0,630,1,0,1,0,1,1,3,0,1970,1,286,0
180000,41,5395,"Pave","IR1",1993,604,1337,"Y",1337,0,1337,1,0,2,0,2,1,5,1,1993,2,462,96
125000,60,9600,"Pave","Reg",1925,702,702,"Y",842,630,1472,0,0,1,0,3,1,6,0,1925,1,250,0
109000,68,7922,"Pave","Reg",1953,326,1057,"Y",1057,0,1057,1,0,1,0,3,1,5,0,1953,1,246,0
170000,115,16905,"Pave","Reg",1959,383,1350,"Y",1328,0,1328,0,1,1,1,2,1,5,2,1959,1,308,0
117500,90,9900,"Pave","Reg",1880,1008,1008,"Y",1178,1032,2210,0,0,2,0,5,1,8,0,1930,1,205,0
219500,75,13125,"Pave","Reg",1940,390,800,"Y",960,780,1740,0,0,1,1,3,1,6,2,1940,1,240,0
124000,57,8280,"Pave","IR1",1950,932,932,"Y",932,0,932,0,0,1,0,2,1,4,1,1950,1,306,0
140000,35,3675,"Pave","Reg",2005,0,547,"Y",1072,0,1072,1,0,2,0,2,1,5,0,2005,2,525,0
173000,58,10852,"Pave","IR1",2000,173,959,"Y",959,712,1671,1,0,2,1,3,1,7,1,2000,2,472,0
140000,53,4043,"Pave","Reg",1977,510,1069,"Y",1069,0,1069,0,0,2,0,2,1,4,0,1977,2,440,0
190000,137,16492,"Pave","IR1",1966,557,1517,"Y",1888,0,1888,0,0,2,1,2,1,6,1,1966,2,578,0
180000,78,10335,"Pave","IR1",1968,891,1461,"Y",1721,0,1721,0,0,2,1,3,1,7,1,1968,2,440,0
109500,52,9022,"Pave","Reg",1924,768,768,"Y",792,0,792,0,0,1,0,2,1,5,0,1924,1,240,316
82500,85,11900,"Pave","Reg",1977,564,1386,"Y",1411,0,1411,0,0,2,0,3,1,6,1,1977,2,544,192
194000,64,7406,"Pave","Reg",2006,515,1199,"Y",1220,0,1220,1,0,2,0,2,1,6,0,2006,2,632,105
259500,61,7259,"Pave","IR1",1945,104,1028,"Y",1436,884,2320,1,0,2,1,3,1,9,1,1945,1,180,224
130000,50,5500,"Pave","Reg",1929,0,926,"Y",926,0,1316,1,0,1,0,3,1,6,0,1974,2,484,0
125000,70,9100,"Pave","Reg",1963,396,1728,"Y",1728,0,1728,1,0,2,0,6,2,10,0,1963,2,504,0
475000,90,22950,"Pave","IR2",1892,1107,1107,"Y",1518,1518,3608,0,0,2,1,4,1,12,2,1993,3,840,0
167500,60,11414,"Pave","IR1",1910,728,728,"N",1136,883,2019,0,0,1,0,3,1,8,0,1997,2,532,509
180500,100,10175,"Pave","IR1",1964,935,1425,"Y",1425,0,1425,0,0,2,0,3,1,7,1,1964,2,576,0
325300,101,14215,"Pave","IR1",2005,1158,1158,"Y",1158,1218,2376,0,0,3,1,4,1,9,1,2005,3,853,240
132000,50,8000,"Pave","Reg",1948,292,972,"Y",972,0,972,1,0,1,0,2,1,5,1,1948,1,240,0
112000,50,7000,"Pave","Reg",1924,0,617,"Y",865,445,1310,0,0,2,0,2,1,6,0,1924,1,398,0
139000,70,8176,"Pave","Reg",1958,210,1056,"Y",1056,0,1056,1,0,1,0,3,1,6,0,1958,1,308,0
155000,88,13125,"Pave","Reg",1957,284,1134,"Y",1803,0,1803,1,0,2,0,3,1,8,1,1957,2,484,0
145000,82,6270,"Pave","Reg",1949,717,1001,"N",1001,1001,2002,0,0,2,0,4,2,8,0,1949,3,871,0
189000,70,11218,"Pave","Reg",1992,1055,1055,"Y",1055,790,1845,0,0,2,1,3,1,8,1,1992,2,462,635
140000,70,7763,"Pave","Reg",1962,319,931,"Y",1283,0,1283,1,0,1,0,3,1,6,0,1980,2,506,0
108500,50,6000,"Pave","Reg",1920,710,960,"Y",960,0,960,0,0,1,0,2,1,5,0,1997,1,308,0
172785,105,15578,"Pave","IR1",2006,728,728,"Y",728,728,1456,0,0,2,1,3,1,8,0,2006,2,429,0
230500,106,11194,"Pave","IR1",2000,1406,1406,"Y",1454,482,1936,0,0,2,1,3,1,7,1,2000,2,504,188
113000,100,21750,"Pave","Reg",1954,988,988,"Y",988,0,988,0,0,1,0,2,1,4,0,1954,2,520,0
125000,24,2368,"Pave","Reg",1970,0,765,"Y",765,600,1365,0,0,1,1,3,1,7,0,1970,2,440,0
153337,64,7018,"Pave","Reg",1979,0,1086,"Y",1224,0,1224,2,0,0,2,2,2,6,2,1979,2,528,120
385000,68,50271,"Pave","IR1",1981,32,1842,"Y",1842,0,1842,2,0,0,1,0,1,5,1,1981,3,894,857
89471,50,5925,"Pave","Reg",1937,739,907,"Y",1131,0,1131,0,0,1,0,2,1,7,0,1995,2,672,0
170000,85,10625,"Pave","Reg",1974,0,1053,"Y",1173,0,1173,1,0,2,0,3,1,6,2,1974,2,528,0
191000,79,11526,"Pave","IR1",1922,588,588,"Y",1423,748,2555,0,0,2,0,3,1,11,1,1993,2,672,431
213000,75,9317,"Pave","Reg",1993,227,740,"Y",1006,769,1775,1,0,2,1,3,1,7,1,1993,2,425,234
90000,85,13600,"Pave","Reg",1900,662,662,"N",1422,915,2337,0,0,2,0,5,2,10,0,1945,2,560,0
166000,71,8520,"Pave","Reg",1952,403,910,"Y",910,475,1385,0,0,2,0,4,1,6,0,2000,2,720,0
266500,66,9042,"Pave","Reg",1941,877,1152,"Y",1188,1152,2340,0,0,2,0,4,1,9,2,1941,1,252,0
137000,95,11345,"Pave","Reg",1948,708,928,"Y",928,992,1920,0,0,2,0,4,2,10,0,1948,2,400,0
137450,51,6171,"Pave","Reg",1925,712,976,"Y",1160,448,1608,0,0,2,1,3,1,7,1,1925,1,216,147
160000,24,2160,"Pave","Reg",1999,90,600,"Y",624,628,1252,1,0,2,1,2,1,4,0,1999,2,462,0
369900,88,11443,"Pave","Reg",2005,408,1868,"Y",2028,0,2028,1,0,2,0,2,1,7,2,2005,3,880,326
350000,74,8834,"Pave","Reg",2004,292,1462,"Y",1462,762,2224,1,0,2,1,4,1,10,1,2004,3,738,184
113000,52,8741,"Pave","Reg",1945,641,735,"Y",798,689,1487,0,0,1,1,3,1,7,1,1949,1,220,0
385000,114,14803,"Pave","Reg",2007,442,2078,"Y",2084,0,2084,1,0,2,0,2,1,7,1,2007,3,1220,188
212000,43,10667,"Pave","IR2",1996,70,799,"Y",827,834,1661,1,0,2,1,3,1,6,1,1996,2,550,158
200000,70,9135,"Pave","Reg",2003,1342,1682,"Y",1700,0,1700,1,0,2,0,3,1,7,0,2003,2,544,192
181000,34,4060,"Pave","Reg",1998,1139,1405,"Y",1337,0,1337,1,0,2,0,2,1,5,0,1998,2,511,144
231500,80,12435,"Pave","Reg",2001,602,963,"Y",963,829,1792,0,0,2,1,3,1,7,1,2001,2,564,0
256000,60,10440,"Pave","Reg",1920,1017,1510,"Y",1584,1208,2792,0,0,2,0,5,1,8,2,1920,2,520,0
134800,60,7200,"Pave","Reg",1951,180,900,"Y",900,0,900,0,1,1,0,3,1,5,0,2005,2,576,222
145000,35,3675,"Pave","Reg",2005,0,547,"Y",1072,0,1072,1,0,1,0,2,1,5,0,2005,2,525,0
114500,52,6240,"Pave","Reg",1934,816,816,"Y",816,0,1176,0,0,1,0,3,1,6,1,1985,2,528,112
159950,85,13400,"Pave","Reg",1966,380,1024,"Y",1086,0,1086,1,0,1,0,3,1,6,1,1966,2,484,0
160000,80,17400,"Pave","Reg",1977,190,1126,"Y",1126,0,1126,1,0,2,0,3,1,5,1,1977,2,484,295
110000,57,7677,"Pave","Reg",1953,203,773,"Y",773,0,773,0,0,1,0,2,1,4,0,1953,1,240,0
227000,85,10000,"Pave","Reg",2006,1588,1588,"Y",1588,0,1588,0,0,2,0,3,1,7,1,2006,3,825,144
135000,115,21286,"Pave","Reg",1948,720,720,"Y",720,551,1271,0,0,2,0,4,1,7,1,1948,1,312,0
372500,80,11844,"Pave","IR1",2008,2046,2046,"Y",2046,0,2046,0,0,2,1,3,1,7,1,2008,3,834,322
200000,63,11426,"Pave","Reg",2003,1362,1362,"Y",1362,720,2082,0,0,2,1,3,1,6,0,2003,2,484,280
243000,84,12615,"Pave","Reg",1950,725,1202,"Y",2158,0,2158,1,0,2,0,4,1,7,1,1950,2,576,0
129900,44,4224,"Pave","Reg",1976,200,1040,"Y",1060,0,1060,1,0,1,0,3,1,6,1,1976,2,572,100
172500,70,11184,"Pave","Reg",1978,192,918,"Y",918,765,1683,0,0,2,1,3,1,7,1,1978,2,440,243
625000,118,35760,"Pave","IR1",1995,543,1930,"Y",1831,1796,3627,1,0,3,1,4,1,10,1,1995,3,807,361
209500,34,4590,"Pave","Reg",2006,1530,1554,"Y",1554,0,1554,0,0,2,0,2,1,6,1,2006,2,627,156
167240,43,3010,"Pave","Reg",2005,1232,1248,"Y",1248,0,1248,0,0,2,0,2,1,5,0,2005,2,438,108
325000,75,13500,"Pave","Reg",1893,1237,1237,"Y",1521,1254,2775,0,0,3,1,3,1,9,1,1988,2,880,105
227000,70,8400,"Pave","Reg",2001,167,810,"Y",810,855,1665,1,0,2,1,3,1,6,0,2001,2,528,0
204900,73,8990,"Pave","IR1",2006,1498,1498,"Y",1498,0,1498,0,0,2,0,2,1,5,0,2006,2,675,351
240000,43,12118,"Pave","IR1",2004,1710,1710,"Y",1710,0,1710,0,0,2,0,3,1,7,1,2004,2,550,100
155000,66,12400,"Pave","IR1",1958,630,1215,"Y",1215,0,1215,0,0,1,0,3,1,6,0,1958,1,297,0
219210,58,14054,"Pave","IR1",2006,879,879,"Y",879,984,1863,0,0,2,1,4,1,9,1,2006,3,660,100
129500,69,7599,"Pave","Reg",1982,280,845,"Y",845,0,845,1,0,1,0,2,1,4,0,1987,2,360,0
200100,54,7588,"Pave","Reg",1920,441,793,"Y",901,901,1802,0,0,1,1,4,1,9,1,1920,1,216,0
115000,51,10480,"Pave","Reg",1936,1064,1064,"Y",1166,0,1639,0,0,1,0,3,1,6,0,1936,1,240,0
162900,52,6240,"Pave","Reg",1930,1078,1078,"Y",1128,445,1573,0,0,2,0,3,1,8,1,1930,2,360,0
130000,57,9764,"Pave","IR1",1967,192,894,"Y",894,0,894,1,0,1,0,3,1,5,0,1967,2,450,0
221500,86,11210,"Pave","IR1",2005,1594,1614,"Y",1614,0,1614,0,0,2,0,3,1,7,0,2005,3,865,144
239000,86,22420,"Pave","IR1",1918,242,1370,"N",1370,1254,2624,1,0,2,1,4,1,10,1,1918,3,864,0
82000,74,10206,"Pave","Reg",1952,0,0,"N",944,0,944,0,0,1,0,2,1,4,0,1956,2,528,0
240000,90,10800,"Pave","Reg",1974,384,1522,"Y",1548,1066,2614,0,0,2,1,4,1,9,1,1974,2,624,38
320000,84,11670,"Pave","IR1",2006,1905,1905,"Y",1905,0,1905,0,0,2,0,3,1,8,1,2006,3,788,0
143500,71,8197,"Pave","Reg",1977,660,660,"Y",1285,0,1285,0,0,1,1,3,1,7,1,1977,2,528,138
205000,85,13600,"Pave","Reg",1965,314,768,"Y",1186,800,1986,0,0,2,1,3,1,7,3,1965,2,486,0
140000,80,8546,"Pave","Reg",2003,1121,1121,"Y",1121,0,1121,0,0,2,0,2,1,5,0,2003,2,440,132
213500,41,4920,"Pave","Reg",2001,722,1338,"Y",1338,0,1338,1,0,2,0,2,1,6,0,2001,2,582,0
395192,83,10159,"Pave","IR1",2009,284,1930,"Y",1940,0,1940,1,0,2,1,3,1,8,1,2010,3,606,168
119000,50,8405,"Pave","Reg",1900,229,861,"Y",961,406,1367,1,0,1,0,4,1,7,0,1978,1,384,0
185900,64,8320,"Pave","Reg",2004,280,770,"Y",770,812,1582,0,0,2,1,3,1,6,0,2004,2,520,0
280000,62,70761,"Pave","IR1",1975,878,1533,"Y",1533,0,1533,1,0,2,0,2,1,5,2,1975,2,576,200
110000,110,8472,"Grvl","IR2",1963,0,816,"N",816,0,816,1,0,1,0,2,1,5,0,1963,2,516,106
129000,74,5868,"Pave","Reg",1956,448,936,"Y",936,0,936,1,0,1,0,2,1,4,0,1956,1,308,0
115000,66,7800,"Pave","IR1",1964,0,912,"Y",912,0,912,0,0,1,0,2,1,5,0,1964,1,288,0
78000,60,6402,"Pave","Reg",1920,596,596,"N",596,596,1192,0,0,1,0,3,1,6,0,1920,1,189,0
113000,58,6380,"Pave","Reg",1922,993,993,"Y",1048,0,1048,0,0,1,0,2,1,5,1,1922,1,280,0
123000,70,8294,"Pave","Reg",1971,858,858,"Y",872,0,872,0,0,1,0,3,1,5,0,1974,4,480,0
250000,80,16692,"Pave","IR1",1978,133,1392,"Y",1392,1392,2784,1,0,3,1,5,1,12,2,1978,2,564,0
132000,78,7800,"Pave","Reg",1954,728,1268,"Y",1268,0,1268,0,0,1,0,2,1,7,1,1954,1,244,0
143000,78,10496,"Pave","Reg",1949,844,1040,"Y",1168,678,1846,0,0,2,0,3,1,7,1,1949,1,315,0
129000,60,9873,"Pave","Reg",1970,171,960,"N",960,0,960,1,0,1,0,3,1,6,0,1970,2,576,0
250000,75,9375,"Pave","Reg",2003,1053,1053,"Y",1053,939,1992,0,0,2,1,3,1,9,1,2003,2,648,140
184900,67,10083,"Pave","Reg",2003,343,1176,"Y",1200,0,1200,1,0,2,0,2,1,5,0,2003,2,555,0
275000,44,3842,"Pave","IR1",2004,221,1594,"Y",1646,0,1646,1,1,2,0,2,1,5,1,2004,2,482,128
136500,37,4435,"Pave","Reg",2003,162,848,"Y",848,0,848,1,0,1,0,1,1,3,0,2003,2,420,140
133500,36,15523,"Pave","IR1",1972,404,864,"Y",864,0,864,1,0,1,0,3,1,5,1,1972,1,338,0
192000,83,10005,"Pave","Reg",1977,768,1160,"Y",1156,866,2022,0,0,2,1,4,1,8,1,1977,2,505,288
131500,36,4435,"Pave","Reg",2003,189,848,"Y",848,0,848,1,0,1,0,1,1,3,0,2003,2,420,140
281000,86,11065,"Pave","IR1",2006,1085,1085,"Y",1120,850,1970,0,0,2,1,3,1,8,1,2006,3,753,177
133000,75,7500,"Pave","Reg",1963,216,1040,"Y",1040,0,1040,1,0,1,1,3,1,5,0,1963,1,308,0
97500,78,17503,"Pave","Reg",1948,912,912,"Y",912,546,1458,0,1,1,0,3,1,6,1,1948,1,330,192
188700,74,11988,"Pave","IR1",1934,389,715,"Y",849,811,1660,0,0,1,1,3,1,6,1,1939,1,240,0
164990,65,8767,"Pave","IR1",2005,1286,1310,"Y",1310,0,1310,0,0,2,0,3,1,6,1,2005,2,400,0
122000,60,10120,"Pave","IR1",1910,925,925,"N",964,925,1889,0,0,1,1,4,2,9,1,1960,1,308,0
127500,52,6240,"Pave","Reg",1931,459,884,"Y",959,408,1367,0,0,1,0,3,1,6,1,1978,1,560,0
194201,53,3922,"Pave","Reg",2006,1258,1258,"Y",1402,0,1402,0,2,0,2,2,1,7,1,2006,3,648,120
142600,74,13101,"Pave","IR1",1965,1497,1728,"Y",1728,0,1728,0,0,2,0,6,2,10,0,1987,2,576,0
131000,60,11409,"Pave","Reg",1949,476,768,"Y",1148,568,1716,0,0,1,1,3,1,8,1,1949,1,281,0
325624,86,10562,"Pave","Reg",2007,294,1582,"Y",1610,551,2161,1,0,1,1,3,1,8,1,2007,3,789,178
164900,75,14559,"Pave","Reg",1951,178,1008,"Y",1363,0,1363,1,0,1,0,2,1,6,2,1951,1,288,324
426000,96,12474,"Pave","Reg",2007,402,1682,"Y",1742,590,2332,1,0,2,1,3,1,9,1,2008,3,846,196
197000,65,8125,"Pave","Reg",2006,770,770,"Y",778,798,1576,0,0,2,1,3,1,6,0,2006,2,614,0
230000,90,14115,"Pave","IR1",1956,230,1073,"Y",1811,0,1811,0,0,1,0,2,1,6,1,1956,2,470,0
314813,90,11694,"Pave","Reg",2007,1774,1822,"Y",1828,0,1828,0,0,2,0,3,1,9,1,2007,3,774,0
174000,80,10400,"Pave","Reg",1970,1304,1304,"Y",1682,0,1682,0,0,2,0,3,1,7,1,1970,2,530,98
99500,55,7892,"Pave","Reg",1979,918,918,"Y",918,0,918,0,0,2,0,2,1,5,1,1979,1,264,28
141500,51,6120,"Pave","Reg",1936,927,927,"Y",1067,472,1539,0,0,1,1,3,1,5,0,1995,2,576,112
128200,75,10650,"Pave","Reg",1976,0,894,"Y",894,0,894,1,0,1,0,3,1,5,0,1976,1,308,365
149000,52,6240,"Pave","Reg",1928,1042,1042,"Y",1042,534,1576,0,0,1,0,3,1,8,1,1928,1,225,0
160000,84,8658,"Pave","Reg",1965,445,1088,"Y",1324,0,1324,0,0,2,0,3,1,6,1,1965,2,440,0
115000,60,10434,"Pave","Reg",1955,1005,1005,"Y",1005,0,1005,0,0,1,0,2,1,5,1,1977,2,672,0
140000,50,10300,"Pave","IR1",1921,576,576,"Y",902,808,1710,0,0,2,0,3,1,9,0,1990,2,480,12
438780,66,13682,"Pave","IR2",2006,1410,1410,"Y",1426,1519,2945,0,0,3,1,3,1,10,1,2006,3,641,192
232000,73,8688,"Pave","Reg",2005,1616,1616,"Y",1616,0,1616,0,0,2,0,3,1,7,0,2005,3,834,208
219500,65,8200,"Pave","Reg",2003,847,847,"Y",847,1081,1928,0,0,2,1,4,1,8,1,2003,2,434,100
178000,70,9100,"Pave","Reg",2001,1212,1212,"Y",1212,0,1212,0,0,2,0,3,1,6,0,2001,2,573,356
147000,59,10690,"Pave","Reg",1920,216,672,"Y",672,672,1344,0,0,1,0,3,1,6,0,1964,1,468,0
125000,49,8235,"Pave","IR1",1955,0,825,"Y",825,0,825,1,0,1,0,2,1,4,0,1963,2,720,140
127000,50,8635,"Pave","Reg",1948,295,672,"Y",1072,213,1285,1,0,1,0,2,1,6,0,1948,1,240,0
200141,103,11175,"Pave","IR1",2007,1316,1316,"Y",1316,0,1316,0,0,2,0,3,1,6,1,2007,2,440,0
100000,21,1680,"Pave","Reg",1973,153,483,"Y",483,504,987,1,0,1,1,2,1,5,0,1973,1,264,0
125000,72,7200,"Pave","Reg",1976,410,1041,"Y",1125,0,1125,1,0,1,0,3,1,6,1,1977,1,352,296
128900,80,9600,"Pave","Reg",1956,546,1050,"Y",1050,0,1050,0,0,1,0,2,1,5,0,1956,1,338,0
199900,35,4274,"Pave","IR1",2006,135,1241,"Y",1241,0,1241,1,0,1,1,1,1,4,0,2007,2,569,0
241500,73,39104,"Pave","IR1",1954,96,1385,"Y",1363,0,1363,1,0,1,0,2,1,5,2,1954,2,439,81
270000,75,9000,"Pave","Reg",2006,1088,1088,"Y",1088,871,1959,0,0,2,1,3,1,8,1,2006,3,1025,208
240000,50,14859,"Pave","IR1",2006,1670,1670,"Y",1670,0,1670,0,0,2,0,3,1,7,1,2006,3,690,144
179600,63,8500,"Pave","Reg",2004,1422,1422,"Y",1422,0,1422,0,0,2,0,3,1,7,0,2004,2,626,192
